ID,Prenom,Nom,Adresse,CodePostal,Ville,Pays,Telephone,Email
CLI001,Arthur,Leroy,"87 Avenue de la Reine",9000,"Gand","Belgique",+32 574 392 23 11,arthur.leroy@email.be
CLI002,Arthur,Claes,"5 Avenue de la Liberté",9100,"Saint-Nicolas","Belgique",+32 735 704 12 33,arthur.claes@email.be
CLI003,Emma,Leroy,"50 Boulevard Anspach",1000,"Bruxelles","Belgique",+32 648 212 22 56,emma.leroy@email.be
CLI004,Lina,Leroy,"105 Boulevard Léopold",5000,"Namur","Belgique",+32 370 462 32 81,lina.leroy@email.be
CLI005,Julia,Goossens,"83 Rue Antoine Dansaert",7100,"La Louvière","Belgique",+32 440 420 51 44,julia.goossens@email.be
CLI006,Ethan,Claes,"98 Avenue de la Reine",5000,"Namur","Belgique",+32 305 580 27 37,ethan.claes@email.be
CLI007,Louis,Durand,"143 Rue de Rollebeek",4100,"Seraing","Belgique",+32 224 508 87 35,louis.durand@email.be
CLI008,Camille,Dupont,"156 Avenue de Tervuren",7000,"Mons","Belgique",+32 605 997 28 99,camille.dupont@email.be
CLI009,Hugo,Bernard,"28 Rue des Bouchers",8500,"Courtrai","Belgique",+32 547 404 96 50,hugo.bernard@email.be
CLI010,Nathan,Janssens,"153 Rue de la Paix",1000,"Bruxelles","Belgique",+32 615 601 90 35,nathan.janssens@email.be
CLI011,Tom,André,"20 Place Sainte-Catherine",9100,"Saint-Nicolas","Belgique",+32 562 259 99 17,tom.andré@email.be
CLI012,Nina,Leroy,"137 Rue de Rollebeek",5000,"Namur","Belgique",+32 948 732 30 44,nina.leroy@email.be
CLI013,Mohamed,Michel,"8 Rue Haute",2800,"Mechelen","Belgique",+32 345 502 33 30,mohamed.michel@email.be
CLI014,Lina,Bernard,"70 Rue de Flandre",2000,"Anvers","Belgique",+32 128 390 32 50,lina.bernard@email.be
CLI015,Liam,Mercier,"198 Place du Grand Sablon",8000,"Bruges","Belgique",+32 355 785 45 11,liam.mercier@email.be
CLI016,Thomas,Goossens,"7 Chaussée de Waterloo",4000,"Liège","Belgique",+32 962 209 88 38,thomas.goossens@email.be
CLI017,Emma,Mercier,"188 Rue de Flandre",1000,"Bruxelles","Belgique",+32 877 467 65 22,emma.mercier@email.be
CLI018,Louise,Bonnet,"83 Place du Grand Sablon",2800,"Mechelen","Belgique",+32 656 539 94 91,louise.bonnet@email.be
CLI019,Raphaël,Lefranc,"181 Place du Grand Sablon",6000,"Charleroi","Belgique",+32 573 611 72 17,raphaël.lefranc@email.be
CLI020,Gabriel,Martin,"98 Avenue de la Reine",4000,"Liège","Belgique",+32 750 517 75 32,gabriel.martin@email.be
CLI021,Tom,Vermeulen,"117 Rue du Marché aux Herbes",6000,"Charleroi","Belgique",+32 713 481 52 74,tom.vermeulen@email.be
CLI022,Chloé,Dupont,"99 Boulevard Léopold",4800,"Verviers","Belgique",+32 237 203 87 13,chloé.dupont@email.be
CLI023,Charlotte,Moreau,"12 Avenue de Tervuren",8400,"Ostende","Belgique",+32 552 561 60 56,charlotte.moreau@email.be
CLI024,Jules,Moreau,"63 Avenue de la Liberté",9000,"Gand","Belgique",+32 683 711 19 76,jules.moreau@email.be
CLI025,Hugo,Van den Berg,"195 Rue des Bouchers",8800,"Roulers","Belgique",+32 977 601 89 47,hugo.van den berg@email.be
CLI026,Maxime,Martin,"69 Rue Neuve",4800,"Verviers","Belgique",+32 678 536 99 98,maxime.martin@email.be
CLI027,Julia,Michel,"60 Rue de Rollebeek",4000,"Liège","Belgique",+32 503 628 85 91,julia.michel@email.be
CLI028,Jules,Lefebvre,"108 Boulevard Anspach",4800,"Verviers","Belgique",+32 375 993 18 38,jules.lefebvre@email.be
CLI029,Théo,Peeters,"36 Avenue de Tervuren",8000,"Bruges","Belgique",+32 348 212 41 43,théo.peeters@email.be
CLI030,Hugo,Richard,"44 Place Sainte-Catherine",7500,"Tournai","Belgique",+32 170 815 83 56,hugo.richard@email.be
CLI031,Olivia,Maes,"47 Rue de Flandre",3600,"Genk","Belgique",+32 701 281 51 91,olivia.maes@email.be
CLI032,Nina,Van den Berg,"199 Rue de Rollebeek",3000,"Louvain","Belgique",+32 508 380 20 85,nina.van den berg@email.be
CLI033,Charlotte,Durand,"85 Rue Antoine Dansaert",8800,"Roulers","Belgique",+32 933 967 68 48,charlotte.durand@email.be
CLI034,Mila,Peeters,"101 Rue de Rollebeek",7500,"Tournai","Belgique",+32 853 777 56 34,mila.peeters@email.be
CLI035,Mathis,Mertens,"9 Rue Neuve",4000,"Liège","Belgique",+32 905 491 45 12,mathis.mertens@email.be
CLI036,Charlotte,Robert,"179 Avenue de la Reine",3500,"Hasselt","Belgique",+32 275 964 46 29,charlotte.robert@email.be
CLI037,Jules,Girard,"129 Rue Neuve",4800,"Verviers","Belgique",+32 812 881 37 40,jules.girard@email.be
CLI038,Ethan,Mercier,"196 Avenue de la Liberté",3600,"Genk","Belgique",+32 481 439 92 10,ethan.mercier@email.be
CLI039,Raphaël,Bernard,"43 Rue de Rollebeek",7100,"La Louvière","Belgique",+32 722 111 32 45,raphaël.bernard@email.be
CLI040,Théo,De Vries,"101 Rue de l'Étuve",2000,"Anvers","Belgique",+32 483 361 54 99,théo.de vries@email.beCLI041,Éric,Guillaume,86 Rue du Moulin,Hermée,4680,Belgique,+32 16 936 658 25,éric.guillaume@email.be
CLI042,Paul,Leclercq,19 Rue Antoine Dansaert,Ixelles,1050,Belgique,+32 39 274 750 99,paul.leclercq@email.be
CLI043,Olivier,Lemaître,43 Avenue des Arts,Ans,4430,Belgique,+32 37 497 940 92,olivier.lemaître@email.be
CLI044,Léa,Pieters,7 Chaussée de Mons,Braine-l'Alleud,1420,Belgique,+32 40 620 384 86,léa.pieters@email.be
CLI045,Paul,Cools,54 Avenue des Arts,Braine-l'Alleud,1420,Belgique,+32 64 148 420 66,paul.cools@email.be
CLI046,Louise,Dupuis,4 Rue Haute,Halle,1500,Belgique,+32 53 568 248 33,louise.dupuis@email.be
CLI047,Chloé,Guillaume,33 Avenue de la Reine,Seraing,4100,Belgique,+32 16 744 385 91,chloé.guillaume@email.be
CLI048,Zoé,Martin,71 Boulevard de l'Europe,Hermée,4680,Belgique,+32 19 953 425 99,zoé.martin@email.be
CLI049,Victor,Jacobs,76 Boulevard Léopold,Tervuren,3080,Belgique,+32 70 227 946 15,victor.jacobs@email.be
CLI050,Jules,Girard,51 Rue des Sports,Gosselies,6041,Belgique,+32 77 537 748 47,jules.girard@email.be
CLI051,Léonie,Lambert,13 Avenue du Centre,Evere,1140,Belgique,+32 52 310 203 85,léonie.lambert@email.be
CLI052,Maxime,Durand,91 Avenue Louise,Schaerbeek,1030,Belgique,+32 60 351 405 75,maxime.durand@email.be
CLI053,Gabriel,Baert,9 Rue de la Loi,Kampenhout,1910,Belgique,+32 80 775 636 13,gabriel.baert@email.be
CLI054,Lucas,Declercq,48 Rue de la Station,Waterloo,1410,Belgique,+32 61 158 453 70,lucas.declercq@email.be
CLI055,Sébastien,Charlier,98 Place du Marché,Jette,1090,Belgique,+32 55 436 668 84,sébastien.charlier@email.be
CLI056,Louis,Pieters,107 Avenue de la Reine,Mechelen,2800,Belgique,+32 20 624 804 70,louis.pieters@email.be
CLI057,Zoé,Lemaître,24 Rue de la Victoire,Libramont,6800,Belgique,+32 63 164 211 77,zoé.lemaître@email.be
CLI058,Cédric,Van Damme,33 Rue du Marché aux Herbes,Hoeilaart,1560,Belgique,+32 37 351 459 97,cédric.van damme@email.be
CLI059,Mila,François,73 Rue de la Station,La Louvière,7100,Belgique,+32 47 755 166 93,mila.françois@email.be
CLI060,Grégory,André,119 Rue de Flandre,Ittre,1460,Belgique,+32 75 996 595 21,grégory.andré@email.be
CLI061,Pierre,Smet,87 Boulevard du Midi,Dilbeek,1700,Belgique,+32 18 615 451 48,pierre.smet@email.be
CLI062,David,Moreau,25 Rue de la Station,Anderlecht,1070,Belgique,+32 53 849 701 85,david.moreau@email.be
CLI063,Paul,Van Damme,144 Avenue de Tervuren,Hermée,4680,Belgique,+32 50 813 701 98,paul.van damme@email.be
CLI064,Hugo,Mertens,67 Place Sainte-Catherine,Ans,4430,Belgique,+32 78 777 409 40,hugo.mertens@email.be
CLI065,Cédric,Charlier,102 Avenue du Centre,Forest,1190,Belgique,+32 89 455 740 58,cédric.charlier@email.be
CLI066,Mila,Devos,127 Rue de l'Église,Zaventem,1930,Belgique,+32 81 382 784 86,mila.devos@email.be
CLI067,Arthur,Vandenberghe,30 Avenue des Nations,Hoeilaart,1560,Belgique,+32 93 673 611 30,arthur.vandenberghe@email.be
CLI068,Henri,Van den Berg,115 Rue de la Fontaine,Braine-l'Alleud,1420,Belgique,+32 67 561 956 86,henri.van den berg@email.be
CLI069,Hugo,Martin,23 Rue des Bouchers,Bruxelles,1000,Belgique,+32 70 851 576 35,hugo.martin@email.be
CLI070,Olivier,Leclercq,86 Avenue de la Liberté,Halle,1500,Belgique,+32 71 408 445 62,olivier.leclercq@email.be
CLI071,Maxime,Dupont,26 Place du Marché,Schaerbeek,1030,Belgique,+32 62 211 307 17,maxime.dupont@email.be
CLI072,Emma,Moreau,73 Rue du Pont,Charleroi,6000,Belgique,+32 27 971 760 30,emma.moreau@email.be
CLI073,Jacques,Charlier,76 Rue de Rollebeek,Hermée,4680,Belgique,+32 96 770 481 41,jacques.charlier@email.be
CLI074,Nina,Moreau,7 Rue des Sports,Genk,3600,Belgique,+32 79 895 935 18,nina.moreau@email.be
CLI075,Elena,Van den Berg,110 Rue de Flandre,Wemmel,1780,Belgique,+32 87 746 269 40,elena.van den berg@email.be
CLI076,Christophe,Girard,6 Rue de la Loi,La Louvière,7100,Belgique,+32 55 972 240 94,christophe.girard@email.be
CLI077,Jade,Lambert,116 Rue du Commerce,Braine-l'Alleud,1420,Belgique,+32 24 477 694 40,jade.lambert@email.be
CLI078,Jacques,Lemaire,96 Rue Neuve,Wemmel,1780,Belgique,+32 45 132 998 76,jacques.lemaire@email.be
CLI079,Fabien,Mertens,99 Rue de l'Église,Kraainem,1950,Belgique,+32 86 254 253 88,fabien.mertens@email.be
CLI080,Victor,Dupuis,121 Avenue Louise,Seraing,4100,Belgique,+32 71 940 431 50,victor.dupuis@email.be
CLI081,Hugo,Vincent,86 Rue des Sports,Dilbeek,1700,Belgique,+32 95 698 823 47,hugo.vincent@email.be
CLI082,Gabriel,Verhoeven,91 Rue du Parc,Waterloo,1410,Belgique,+32 53 773 828 67,gabriel.verhoeven@email.be
CLI083,Inès,Verhoeven,22 Rue du Commerce,Herne,1540,Belgique,+32 77 344 832 57,inès.verhoeven@email.be
CLI084,Lina,Bertrand,120 Avenue de la Reine,Bruges,8000,Belgique,+32 77 332 727 22,lina.bertrand@email.be
CLI085,Philippe,Desmet,99 Boulevard du Midi,Gilly,6060,Belgique,+32 60 387 886 92,philippe.desmet@email.be
CLI086,Noah,Lemaître,127 Avenue Louise,Anderlecht,1070,Belgique,+32 25 585 715 34,noah.lemaître@email.be
CLI087,Noé,Martin,83 Rue de l'Étuve,Hasselt,3500,Belgique,+32 69 975 595 68,noé.martin@email.be
CLI088,François,Durand,46 Chaussée de Mons,Saint-Josse-ten-Noode,1210,Belgique,+32 47 683 229 51,françois.durand@email.be
CLI089,Alice,Leclercq,7 Avenue Louise,Jette,1090,Belgique,+32 93 979 820 44,alice.leclercq@email.be
CLI090,Lena,Janssens,1 Rue Principale,Jette,1090,Belgique,+32 94 676 649 38,lena.janssens@email.be
CLI091,Tom,Cools,11 Rue de la Fontaine,Gilly,6060,Belgique,+32 37 192 274 12,tom.cools@email.be
CLI092,Grégory,Guillaume,73 Boulevard Industriel,Kraainem,1950,Belgique,+32 39 764 913 71,grégory.guillaume@email.be
CLI093,Louise,Lambert,146 Rue de la Victoire,Bruxelles,1000,Belgique,+32 76 609 109 67,louise.lambert@email.be
CLI094,Thomas,Lefranc,88 Boulevard Léopold,Hermée,4680,Belgique,+32 32 160 711 69,thomas.lefranc@email.be
CLI095,Henri,Charlier,88 Boulevard du Midi,Bruges,8000,Belgique,+32 15 756 968 50,henri.charlier@email.be
CLI096,Manon,Goossens,78 Rue du Marché aux Herbes,Ixelles,1050,Belgique,+32 32 614 657 16,manon.goossens@email.be
CLI097,Noé,Van den Berg,58 Rue des Écoles,Zaventem,1930,Belgique,+32 43 585 305 71,noé.van den berg@email.be
CLI098,Grégory,Lefranc,89 Chaussée de Mons,Huy,4500,Belgique,+32 88 623 991 12,grégory.lefranc@email.be
CLI099,Stéphane,Girard,39 Avenue du Centre,Mons,7000,Belgique,+32 97 240 344 62,stéphane.girard@email.be
CLI100,Elena,De Smet,133 Place du Marché,Anvers,2000,Belgique,+32 62 633 884 15,elena.de smet@email.be
CLI101,Jules,Willems,39 Place du Marché,Ostende,8400,Belgique,+32 64 563 394 11,jules.willems@email.be
CLI102,Noé,Michel,116 Avenue des Arts,Overijse,3090,Belgique,+32 39 575 422 95,noé.michel@email.be
CLI103,Inès,Simon,48 Rue Neuve,Schaerbeek,1030,Belgique,+32 19 435 581 80,inès.simon@email.be
CLI104,Nathan,Leroy,118 Boulevard Anspach,Gand,9000,Belgique,+32 93 688 614 18,nathan.leroy@email.be
CLI105,Noah,François,108 Chaussée de Mons,Libramont,6800,Belgique,+32 12 424 821 69,noah.françois@email.be
CLI106,Cédric,Wouters,1 Place du Grand Sablon,Schaerbeek,1030,Belgique,+32 87 448 849 49,cédric.wouters@email.be
CLI107,Antoine,Cools,6 Rue des Écoles,Wemmel,1780,Belgique,+32 43 772 976 19,antoine.cools@email.be
CLI108,Stéphane,Bernard,27 Rue de la Paix,Saint-Nicolas,9100,Belgique,+32 42 757 616 59,stéphane.bernard@email.be
CLI109,Noah,Willems,122 Boulevard Industriel,Saint-Servais,5002,Belgique,+32 76 792 419 57,noah.willems@email.be
CLI110,Jules,Lemaire,141 Rue de la Victoire,Mechelen,2800,Belgique,+32 78 453 262 12,jules.lemaire@email.be
CLI111,Mila,Durand,108 Boulevard Industriel,Saint-Servais,5002,Belgique,+32 88 173 267 51,mila.durand@email.be
CLI112,Charlotte,Pieters,85 Avenue des Nations,Tournai,7500,Belgique,+32 94 927 292 63,charlotte.pieters@email.be
CLI113,David,Segers,122 Boulevard Industriel,Overijse,3090,Belgique,+32 17 205 598 81,david.segers@email.be
CLI114,Fabien,Baert,12 Chaussée de Mons,Schaerbeek,1030,Belgique,+32 14 520 343 29,fabien.baert@email.be
CLI115,Benoît,Peeters,116 Rue du Commerce,Schaerbeek,1030,Belgique,+32 39 750 403 43,benoît.peeters@email.be
CLI116,Charlotte,Pieters,96 Avenue de Tervuren,Hermée,4680,Belgique,+32 13 700 401 43,charlotte.pieters@email.be
CLI117,Lina,Peeters,3 Chaussée de Mons,Ciney,5590,Belgique,+32 48 184 377 67,lina.peeters@email.be
CLI118,Elena,Guillaume,118 Rue des Artisans,Bruxelles,1000,Belgique,+32 10 535 349 93,elena.guillaume@email.be
CLI119,Philippe,Thys,21 Avenue de Tervuren,Zemst,1980,Belgique,+32 75 915 443 83,philippe.thys@email.be
CLI120,Charlotte,Lefranc,107 Boulevard Anspach,Huy,4500,Belgique,+32 81 605 433 57,charlotte.lefranc@email.be
CLI121,Lina,Lemaître,139 Avenue de la Liberté,Uccle,1180,Belgique,+32 12 584 851 55,lina.lemaître@email.be
CLI122,Victor,Goossens,30 Rue du Pont,Forest,1190,Belgique,+32 80 464 254 41,victor.goossens@email.be
CLI123,Henri,De Smet,132 Place du Grand Sablon,Kampenhout,1910,Belgique,+32 89 314 512 95,henri.de smet@email.be
CLI124,Christophe,Guillaume,33 Avenue de Tervuren,Braine-l'Alleud,1420,Belgique,+32 24 557 762 27,christophe.guillaume@email.be
CLI125,Chloé,Verhoeven,95 Place du Grand Sablon,Gilly,6060,Belgique,+32 26 571 658 90,chloé.verhoeven@email.be
CLI126,Jeanne,Lefranc,123 Rue de l'Église,Halle,1500,Belgique,+32 25 440 806 24,jeanne.lefranc@email.be
CLI127,Paul,Devos,135 Rue de l'Église,Saint-Nicolas,9100,Belgique,+32 61 968 131 25,paul.devos@email.be
CLI128,Raphaël,Lefebvre,20 Avenue de Tervuren,Uccle,1180,Belgique,+32 89 956 351 84,raphaël.lefebvre@email.be
CLI129,Julia,Van den Berg,80 Rue des Bouchers,Anvers,2000,Belgique,+32 75 365 541 18,julia.van den berg@email.be
CLI130,Hugo,Pieters,134 Rue de l'Étuve,Herne,1540,Belgique,+32 11 320 680 90,hugo.pieters@email.be
CLI131,Jeanne,Vermeulen,18 Rue du Marché aux Herbes,Ostende,8400,Belgique,+32 41 136 807 52,jeanne.vermeulen@email.be
CLI132,Lina,Bertrand,48 Place du Marché,Evere,1140,Belgique,+32 11 460 452 23,lina.bertrand@email.be
CLI133,Théo,Vincent,17 Avenue de Tervuren,Zaventem,1930,Belgique,+32 78 985 247 75,théo.vincent@email.be
CLI134,Fabien,Declercq,136 Avenue du Centre,Bressoux,4020,Belgique,+32 86 232 753 34,fabien.declercq@email.be
CLI135,Tom,Bernard,37 Avenue de Tervuren,Marche-en-Famenne,6900,Belgique,+32 32 460 307 68,tom.bernard@email.be
CLI136,Fabien,Vincent,53 Rue des Écoles,Watermael-Boitsfort,1170,Belgique,+32 10 591 369 37,fabien.vincent@email.be
CLI137,Christophe,Lemaître,116 Rue Antoine Dansaert,Rebecq,1430,Belgique,+32 63 913 826 77,christophe.lemaître@email.be
CLI138,Lina,De Smet,26 Rue des Artisans,Zaventem,1930,Belgique,+32 62 774 907 79,lina.de smet@email.be
CLI139,Mohamed,Baert,48 Boulevard du Midi,Kampenhout,1910,Belgique,+32 56 740 917 74,mohamed.baert@email.be
CLI140,Grégory,Guillaume,1 Rue de Rollebeek,Uccle,1180,Belgique,+32 76 838 154 50,grégory.guillaume@email.be
CLI141,David,Mercier,105 Rue des Sports,Saint-Josse-ten-Noode,1210,Belgique,+32 89 491 847 32,david.mercier@email.be
CLI142,Antoine,Maes,25 Avenue du Centre,Gosselies,6041,Belgique,+32 25 798 880 58,antoine.maes@email.be
CLI143,Damien,Maes,145 Rue de l'Étuve,Gosselies,6041,Belgique,+32 56 271 213 60,damien.maes@email.be
CLI144,Elena,Dupuis,54 Boulevard Industriel,La Louvière,7100,Belgique,+32 78 341 218 42,elena.dupuis@email.be
CLI145,Grégory,Smet,21 Rue de la Station,Ciney,5590,Belgique,+32 43 955 137 69,grégory.smet@email.be
CLI146,Jules,Bernard,69 Avenue des Nations,Saint-Nicolas,9100,Belgique,+32 44 264 825 77,jules.bernard@email.be
CLI147,Manon,Van Damme,72 Rue des Écoles,Gosselies,6041,Belgique,+32 95 878 946 95,manon.van damme@email.be
CLI148,Nathan,Van Damme,108 Rue de la Loi,Huy,4500,Belgique,+32 88 130 341 16,nathan.van damme@email.be
CLI149,Ethan,Thys,141 Place du Grand Sablon,Ostende,8400,Belgique,+32 13 838 225 92,ethan.thys@email.be
CLI150,Gabriel,Leroy,139 Chaussée de Waterloo,Marche-en-Famenne,6900,Belgique,+32 45 345 303 93,gabriel.leroy@email.be
CLI151,Jules,Moreau,90 Boulevard Industriel,Genk,3600,Belgique,+32 79 260 273 46,jules.moreau@email.be
CLI152,Nina,Martin,69 Chaussée de Waterloo,Auderghem,1160,Belgique,+32 41 642 327 11,nina.martin@email.be
CLI153,Damien,Moreau,110 Rue du Moulin,Ixelles,1050,Belgique,+32 29 166 316 29,damien.moreau@email.be
CLI154,Liam,Dubois,73 Rue de l'Étuve,Ostende,8400,Belgique,+32 50 883 346 38,liam.dubois@email.be
CLI155,Anna,Leroy,47 Avenue des Champs,Halle,1500,Belgique,+32 29 686 170 37,anna.leroy@email.be
CLI156,Hugo,Lefranc,63 Rue Haute,Uccle,1180,Belgique,+32 77 632 564 64,hugo.lefranc@email.be
CLI157,Hugo,Devos,68 Rue de Rollebeek,Marche-en-Famenne,6900,Belgique,+32 36 926 407 83,hugo.devos@email.be
CLI158,Adam,Leclercq,145 Rue de l'Église,Ittre,1460,Belgique,+32 12 247 545 33,adam.leclercq@email.be
CLI159,Louise,Declercq,46 Avenue de Tervuren,Grimbergen,1850,Belgique,+32 43 264 257 86,louise.declercq@email.be
CLI160,Hugo,Mercier,148 Place du Grand Sablon,Kampenhout,1910,Belgique,+32 73 475 767 98,hugo.mercier@email.be
CLI161,Raphaël,Claes,123 Place Sainte-Catherine,Libramont,6800,Belgique,+32 17 356 590 51,raphaël.claes@email.be
CLI162,Damien,Guillaume,75 Boulevard du Midi,Zemst,1980,Belgique,+32 53 518 871 53,damien.guillaume@email.be
CLI163,François,Guillaume,133 Rue de l'Église,Courtrai,8500,Belgique,+32 69 911 133 12,françois.guillaume@email.be
CLI164,Liam,Rousseau,100 Rue de la Croix,Auderghem,1160,Belgique,+32 25 141 987 87,liam.rousseau@email.be
CLI165,Léa,Willems,108 Avenue des Champs,Halle,1500,Belgique,+32 22 289 735 83,léa.willems@email.be
CLI166,Emma,Declercq,97 Avenue des Arts,Evere,1140,Belgique,+32 68 930 909 30,emma.declercq@email.be
CLI167,Stéphane,Declercq,49 Rue de la Paix,Namur,5000,Belgique,+32 98 174 574 20,stéphane.declercq@email.be
CLI168,Lena,Mertens,56 Boulevard Industriel,Ostende,8400,Belgique,+32 99 501 331 50,lena.mertens@email.be
CLI169,Nathan,Declercq,136 Rue de Flandre,Waterloo,1410,Belgique,+32 69 224 829 96,nathan.declercq@email.be
CLI170,Louis,Dupuis,82 Rue des Artisans,Woluwe-Saint-Lambert,1200,Belgique,+32 78 402 388 18,louis.dupuis@email.be
CLI171,Anna,Maes,143 Rue de la Fontaine,Grimbergen,1850,Belgique,+32 14 414 396 83,anna.maes@email.be
CLI172,Tom,Leclercq,51 Rue de la Paix,La Louvière,7100,Belgique,+32 27 339 107 25,tom.leclercq@email.be
CLI173,Nicolas,Vincent,76 Avenue de Tervuren,Drogenbos,1620,Belgique,+32 21 290 386 86,nicolas.vincent@email.be
CLI174,Philippe,Durand,18 Avenue du Centre,Seraing,4100,Belgique,+32 94 325 305 83,philippe.durand@email.be
CLI175,Charlotte,Dupont,54 Boulevard Industriel,Drogenbos,1620,Belgique,+32 75 699 225 93,charlotte.dupont@email.be
CLI176,Anna,Charlier,62 Rue de la Gare,Bressoux,4020,Belgique,+32 17 608 402 87,anna.charlier@email.be
CLI177,Paul,Desmet,110 Rue de l'Église,Woluwe-Saint-Pierre,1150,Belgique,+32 19 924 552 67,paul.desmet@email.be
CLI178,Fabien,Charlier,96 Boulevard Anspach,Tervuren,3080,Belgique,+32 14 727 753 75,fabien.charlier@email.be
CLI179,Cédric,Simon,88 Place Sainte-Catherine,Schaerbeek,1030,Belgique,+32 17 107 801 26,cédric.simon@email.be
CLI180,Noé,Baert,115 Place Sainte-Catherine,Roulers,8800,Belgique,+32 19 194 268 99,noé.baert@email.be
CLI181,Inès,Devos,38 Rue Neuve,Arlon,6700,Belgique,+32 12 999 934 39,inès.devos@email.be
CLI182,Cédric,André,29 Rue Haute,Evere,1140,Belgique,+32 17 513 112 88,cédric.andré@email.be
CLI183,François,Girard,87 Boulevard Anspach,Halle,1500,Belgique,+32 60 963 228 46,françois.girard@email.be
CLI184,Noé,Lemaître,113 Rue Haute,Saint-Servais,5002,Belgique,+32 68 190 940 86,noé.lemaître@email.be
CLI185,Julia,Dupuis,72 Avenue de la Liberté,Rebecq,1430,Belgique,+32 19 700 554 92,julia.dupuis@email.be
CLI186,Éric,Mertens,18 Boulevard Léopold,Woluwe-Saint-Pierre,1150,Belgique,+32 96 268 785 46,éric.mertens@email.be
CLI187,Victor,Mertens,4 Rue du Moulin,Gilly,6060,Belgique,+32 97 246 659 95,victor.mertens@email.be
CLI188,Raphaël,Muller,61 Rue Principale,Gand,9000,Belgique,+32 35 948 172 73,raphaël.muller@email.be
CLI189,Louis,Thys,89 Avenue Louise,Huy,4500,Belgique,+32 59 874 637 91,louis.thys@email.be
CLI190,Arthur,Maes,74 Boulevard Anspach,Kraainem,1950,Belgique,+32 50 297 110 91,arthur.maes@email.be
CLI191,Olivier,Maes,123 Chaussée de Mons,Rhode-Saint-Genèse,1640,Belgique,+32 22 186 346 37,olivier.maes@email.be
CLI192,Zoé,Cools,137 Avenue des Champs,Schaerbeek,1030,Belgique,+32 53 149 494 46,zoé.cools@email.be
CLI193,Gabriel,Dubois,104 Avenue de la Liberté,Nivelles,1400,Belgique,+32 72 779 524 36,gabriel.dubois@email.be
CLI194,Jeanne,Mercier,9 Avenue du Centre,Rhode-Saint-Genèse,1640,Belgique,+32 47 988 866 47,jeanne.mercier@email.be
CLI195,Manon,Wouters,93 Rue Principale,Ans,4430,Belgique,+32 80 274 803 28,manon.wouters@email.be
CLI196,David,Baert,6 Rue de la Station,Louvain-la-Neuve,1348,Belgique,+32 40 437 277 56,david.baert@email.be
CLI197,Victor,Rousseau,47 Boulevard Anspach,Kampenhout,1910,Belgique,+32 40 814 369 89,victor.rousseau@email.be
CLI198,Camille,Laurent,144 Place du Grand Sablon,Louvain,3000,Belgique,+32 16 791 868 57,camille.laurent@email.be
CLI199,Chloé,Dubois,72 Boulevard Léopold,Rebecq,1430,Belgique,+32 99 173 430 42,chloé.dubois@email.be
CLI200,Noé,Pieters,116 Avenue des Champs,Kampenhout,1910,Belgique,+32 84 894 811 91,noé.pieters@email.be
CLI201,Maxime,Claes,17 Avenue de la Liberté,Evere,1140,Belgique,+32 96 662 891 96,maxime.claes@email.be
CLI202,Théo,Mercier,50 Rue Antoine Dansaert,Wavre,1300,Belgique,+32 40 352 735 40,théo.mercier@email.be
CLI203,Nathan,Vincent,34 Rue de la Croix,Anvers,2000,Belgique,+32 15 548 881 87,nathan.vincent@email.be
CLI204,Anna,Pieters,74 Boulevard Anspach,Braine-l'Alleud,1420,Belgique,+32 22 424 228 21,anna.pieters@email.be
CLI205,Lina,Segers,97 Avenue du Centre,Saint-Josse-ten-Noode,1210,Belgique,+32 59 399 195 61,lina.segers@email.be
CLI206,Henri,Cools,40 Avenue du Centre,Gosselies,6041,Belgique,+32 27 144 480 67,henri.cools@email.be
CLI207,Jules,Van Damme,69 Avenue des Nations,Seraing,4100,Belgique,+32 89 161 372 63,jules.van damme@email.be
CLI208,Fabien,Guillaume,122 Rue Principale,Arlon,6700,Belgique,+32 28 460 351 76,fabien.guillaume@email.be
CLI209,Sébastien,Van Damme,133 Boulevard Léopold,Zaventem,1930,Belgique,+32 26 737 854 87,sébastien.van damme@email.be
CLI210,Louise,Michel,16 Rue des Artisans,Liège,4000,Belgique,+32 82 451 282 55,louise.michel@email.be
CLI211,Tom,Van Damme,134 Place Sainte-Catherine,Forest,1190,Belgique,+32 52 153 963 45,tom.van damme@email.be
CLI212,Théo,Thys,14 Rue du Moulin,Wemmel,1780,Belgique,+32 13 969 428 78,théo.thys@email.be
CLI213,Jeanne,Declercq,140 Place Sainte-Catherine,Arlon,6700,Belgique,+32 72 356 776 91,jeanne.declercq@email.be
CLI214,François,Charlier,64 Avenue du Centre,Woluwe-Saint-Lambert,1200,Belgique,+32 75 930 904 39,françois.charlier@email.be
CLI215,Thomas,Smet,36 Rue des Artisans,Ixelles,1050,Belgique,+32 63 615 470 26,thomas.smet@email.be
CLI216,Jacques,Mertens,136 Rue Principale,Bruges,8000,Belgique,+32 77 332 439 83,jacques.mertens@email.be
CLI217,Anna,Lefranc,108 Rue de la Loi,Ostende,8400,Belgique,+32 70 628 961 17,anna.lefranc@email.be
CLI218,Victor,Muller,127 Avenue de la Liberté,Evere,1140,Belgique,+32 32 864 914 91,victor.muller@email.be
CLI219,Mohamed,Leroy,38 Rue de la Croix,Tervuren,3080,Belgique,+32 72 556 312 59,mohamed.leroy@email.be
CLI220,Grégory,Guillaume,3 Rue des Artisans,Herne,1540,Belgique,+32 64 443 781 35,grégory.guillaume@email.be
CLI221,Jeanne,Dupont,77 Avenue du Centre,Zemst,1980,Belgique,+32 32 885 949 67,jeanne.dupont@email.be
CLI222,Camille,Dubois,88 Rue de la Fontaine,Ostende,8400,Belgique,+32 74 453 162 36,camille.dubois@email.be
CLI223,Mila,Dupont,132 Boulevard Anspach,Hoeilaart,1560,Belgique,+32 12 444 685 73,mila.dupont@email.be
CLI224,Liam,Bernard,57 Rue de la Loi,Tervuren,3080,Belgique,+32 83 243 934 13,liam.bernard@email.be
CLI225,Léa,Maes,116 Boulevard Léopold,Herne,1540,Belgique,+32 78 204 317 65,léa.maes@email.be
CLI226,Anna,Van Damme,53 Avenue du Centre,Ans,4430,Belgique,+32 98 751 427 14,anna.van damme@email.be
CLI227,Lucas,François,60 Rue de Flandre,Bruges,8000,Belgique,+32 78 328 540 94,lucas.françois@email.be
CLI228,Philippe,Declercq,11 Rue de la Station,Louvain,3000,Belgique,+32 94 277 219 24,philippe.declercq@email.be
CLI229,Jeanne,Segers,98 Chaussée de Mons,Auderghem,1160,Belgique,+32 85 580 205 48,jeanne.segers@email.be
CLI230,Jeanne,Goossens,1 Avenue du Centre,Louvain,3000,Belgique,+32 89 817 348 56,jeanne.goossens@email.be
CLI231,Henri,Rousseau,121 Rue de l'Étuve,Evere,1140,Belgique,+32 16 406 981 46,henri.rousseau@email.be
CLI232,Gabriel,Smet,93 Avenue du Centre,Marche-en-Famenne,6900,Belgique,+32 75 945 626 98,gabriel.smet@email.be
CLI233,Arthur,Girard,149 Rue du Parc,Drogenbos,1620,Belgique,+32 33 617 329 36,arthur.girard@email.be
CLI234,Léa,Charlier,98 Avenue des Arts,Wavre,1300,Belgique,+32 24 551 981 77,léa.charlier@email.be
CLI235,Jade,Rousseau,119 Avenue des Arts,Hermée,4680,Belgique,+32 60 721 200 90,jade.rousseau@email.be
CLI236,Lena,Segers,110 Rue de la Station,Herne,1540,Belgique,+32 86 865 934 79,lena.segers@email.be
CLI237,Olivier,Claes,20 Rue de la Fontaine,Rebecq,1430,Belgique,+32 95 806 193 13,olivier.claes@email.be
CLI238,Nina,Goossens,66 Avenue de la Reine,Bruges,8000,Belgique,+32 20 441 894 27,nina.goossens@email.be
CLI239,Julia,Moreau,74 Rue de la Victoire,Bressoux,4020,Belgique,+32 47 496 367 33,julia.moreau@email.be
CLI240,Léa,François,84 Avenue de Tervuren,Rhode-Saint-Genèse,1640,Belgique,+32 81 310 529 27,léa.françois@email.be
