ID,Nom,Secteur,Adresse,CodePostal,Ville,Pays,Telephone,Email,TVA,IBAN,BIC,LogoPath
BUS001,InnoTech Belgium,Technologie,42 Straße Haute,4000,Lüttich,Belgien,+32 118 516 74 37,contact@innotech-belgium.be,BE0487442158,BE39 7108 8586 5579,GKCCBEBB,assets/logos/business_001.svg
BUS002,BricoMax,Heimwerken,180 Platz du Grand Sablon,9000,Gent,Belgien,+32 956 459 19 34,contact@bricomax.be,BE0954935561,BE56 9534 1042 4809,BBRUBEBB,assets/logos/business_002.svg
BUS003,Gourmet Express,Gastronomie,167 Straße de la Paix,2000,Antwerpen,Belgien,+32 232 558 89 99,contact@gourmet-express.be,BE0127663919,BE44 5520 9696 3744,GEBABEBB,assets/logos/business_003.svg
BUS004,Style & Tendance,Mode,121 Allee de Tervuren,4100,Seraing,Belgien,+32 708 974 41 68,contact@style--tendance.be,BE0417090871,BE23 7168 2632 1939,GEBABEBB,assets/logos/business_004.svg
BUS005,Santé+ Centre,Gesundheit,74 Allee de Tervuren,2800,Mecheln,Belgien,+32 671 702 75 44,contact@sant-centre.be,BE0837979635,BE91 5967 7371 8471,BBRUBEBB,assets/logos/business_005.svg
BUS006,Fast Transport,Transport,106 Allee de la Reine,4000,Lüttich,Belgien,+32 880 799 69 32,contact@fast-transport.be,BE0941469963,BE87 6275 6023 3222,KREDBEBB,assets/logos/business_006.svg
BUS007,Digital Agency Pro,Marketing,65 Boulevard Anspach,7000,Bergen,Belgien,+32 517 956 46 39,contact@digital-agency-pro.be,BE0204274168,BE78 5423 6878 4749,GEBABEBB,assets/logos/business_007.svg
BUS008,Éco-Construction,Bau,87 Straße du Marché aux Herbes,4100,Seraing,Belgien,+32 848 779 43 35,contact@co-construction.be,BE0535812522,BE53 9207 5982 7533,BBRUBEBB,assets/logos/business_008.svg
BUS009,Boulangerie Artisanale,Lebensmittel,67 Allee Louise,8400,Ostende,Belgien,+32 844 216 42 60,contact@boulangerie-artisanale.be,BE0669842185,BE33 1797 2099 7963,GKCCBEBB,assets/logos/business_009.svg
BUS010,Bijoux Élégance,Juwelier,141 Boulevard du Midi,8800,Roeselare,Belgien,+32 301 262 73 12,contact@bijoux-lgance.be,BE0735556950,BE32 5385 7140 8742,GKCCBEBB,assets/logos/business_010.svg
BUS011,OptiVision,Optik,30 Platz Sainte-Catherine,7000,Bergen,Belgien,+32 641 553 10 11,contact@optivision.be,BE0938699145,BE42 1174 9131 7595,KREDBEBB,assets/logos/business_011.svg
BUS012,AutoService Rapide,Automobil,73 Straße de la Paix,4100,Seraing,Belgien,+32 167 225 36 18,contact@autoservice-rapide.be,BE0925853423,BE80 2620 9156 9019,GKCCBEBB,assets/logos/business_012.svg
BUS013,ImmoConfort,Immobilien,136 Allee Louise,2000,Antwerpen,Belgien,+32 313 866 74 25,contact@immoconfort.be,BE0191859772,BE26 2567 3132 8716,KREDBEBB,assets/logos/business_013.svg
BUS014,Café du Centre,Horeca,193 Straße Neuve,2800,Mecheln,Belgien,+32 114 432 83 36,contact@caf-du-centre.be,BE0216051829,BE34 3184 1860 5592,GKCCBEBB,assets/logos/business_014.svg
BUS015,NetPro Services,Reinigung,185 Straße de Rollebeek,4800,Verviers,Belgien,+32 102 224 72 17,contact@netpro-services.be,BE0499958744,BE91 5035 7775 9951,GKCCBEBB,assets/logos/business_015.svg
BUS016,Jardin & Nature,Gärtnern,79 Straße du Commerce,6000,Charleroi,Belgien,+32 283 406 63 94,contact@jardin--nature.be,BE0588855611,BE97 5219 5471 6627,BBRUBEBB,assets/logos/business_016.svg
BUS017,Sécurité Plus,Sicherheit,6 Allee de Tervuren,2800,Mecheln,Belgien,+32 820 252 84 89,contact@scurit-plus.be,BE0860351647,BE10 7498 9659 8557,GEBABEBB,assets/logos/business_017.svg
BUS018,Formation Pro,Ausbildung,151 Straße du Marché aux Herbes,7000,Bergen,Belgien,+32 186 777 55 84,contact@formation-pro.be,BE0647779652,BE77 9762 8030 8751,GKCCBEBB,assets/logos/business_018.svg
BUS019,Artisan Menuisier,Schreinerei,95 Boulevard du Midi,9000,Gent,Belgien,+32 244 218 57 74,contact@artisan-menuisier.be,BE0558512634,BE60 9671 7201 4433,BBRUBEBB,assets/logos/business_019.svg
BUS020,Fleuriste du Parc,Florist,187 Straße Haute,8500,Kortrijk,Belgien,+32 106 420 75 95,contact@fleuriste-du-parc.be,BE0253934561,BE92 8945 3583 8363,GEBABEBB,assets/logos/business_020.svg
BUS021,TechMobile,Telefonie,22 Straße du Marché aux Herbes,6000,Charleroi,Belgien,+32 448 563 75 37,contact@techmobile.be,BE0693905562,BE20 6707 6575 8949,GKCCBEBB,assets/logos/business_021.svg
BUS022,Pêche & Compagnie,Angeln,144 Chaussee de Waterloo,8800,Roeselare,Belgien,+32 375 789 18 61,contact@pche--compagnie.be,BE0112842479,BE76 2083 6660 2857,KREDBEBB,assets/logos/business_022.svg
BUS023,Librairie Centrale,Buchhandlung,50 Straße du Commerce,6000,Charleroi,Belgien,+32 513 568 58 87,contact@librairie-centrale.be,BE0570701002,BE56 6897 5459 6484,KREDBEBB,assets/logos/business_023.svg
BUS024,SportMax,Sport,33 Platz Sainte-Catherine,9000,Gent,Belgien,+32 873 799 45 79,contact@sportmax.be,BE0708860519,BE33 2133 8544 9957,GKCCBEBB,assets/logos/business_024.svg
BUS025,Animalerie ZOO,Tiere,5 Straße de Rollebeek,8800,Roeselare,Belgien,+32 254 413 57 47,contact@animalerie-zoo.be,BE0726471116,BE15 3534 2376 9311,GEBABEBB,assets/logos/business_025.svg
BUS026,Photo Studio Pro,Fotografie,32 Straße de l'Étuve,6000,Charleroi,Belgien,+32 668 779 81 26,contact@photo-studio-pro.be,BE0799214058,BE32 2933 8377 3566,KREDBEBB,assets/logos/business_026.svg
BUS027,Music & Co,Musik,34 Straße de Flandre,8500,Kortrijk,Belgien,+32 138 816 84 38,contact@music--co.be,BE0834018291,BE22 4324 7616 2216,GEBABEBB,assets/logos/business_027.svg
BUS028,Cuir & Tradition,Lederwaren,59 Platz Sainte-Catherine,5000,Namür,Belgien,+32 645 717 66 29,contact@cuir--tradition.be,BE0445637351,BE26 4376 7365 5182,KREDBEBB,assets/logos/business_028.svg
BUS029,Électricité Générale,Elektrizität,148 Boulevard Anspach,4800,Verviers,Belgien,+32 676 913 63 15,contact@lectricit-gnrale.be,BE0973770450,BE11 6852 2370 8732,GKCCBEBB,assets/logos/business_029.svg
BUS030,Plomberie Express,Klempnerei,86 Straße du Commerce,8800,Roeselare,Belgien,+32 427 521 37 38,contact@plomberie-express.be,BE0819421067,BE40 7810 3443 3218,BBRUBEBB,assets/logos/business_030.svg
BUS031,Chauffage Confort,Chauffage,73 Chaussee de Waterloo,4800,Verviers,Belgien,+32 753 916 49 46,contact@chauffage-confort.be,BE0723828081,BE20 2466 3612 3253,GEBABEBB,assets/logos/business_031.svg
BUS032,Peinture Déco,Peinture,199 Straße de Flandre,3500,Hasselt,Belgien,+32 544 985 13 39,contact@peinture-dco.be,BE0956108822,BE51 1864 1352 9356,GEBABEBB,assets/logos/business_032.svg
BUS033,Cordonnerie Moderne,Cordonnerie,23 Straße de la Paix,4000,Lüttich,Belgien,+32 760 582 99 39,contact@cordonnerie-moderne.be,BE0944839454,BE62 8378 2322 2812,GEBABEBB,assets/logos/business_033.svg
BUS034,Horlogerie Précision,Horlogerie,155 Straße du Marché aux Herbes,4100,Seraing,Belgien,+32 554 722 71 74,contact@horlogerie-prcision.be,BE0714309008,BE27 7547 6289 6144,GKCCBEBB,assets/logos/business_034.svg
BUS035,Agence Voyage Pro,Voyage,153 Platz Sainte-Catherine,4000,Lüttich,Belgien,+32 815 344 38 44,contact@agence-voyage-pro.be,BE0604992957,BE51 3802 3667 4390,BBRUBEBB,assets/logos/business_035.svg
BUS036,Assurances Conseil,Assurance,43 Straße Haute,4000,Lüttich,Belgien,+32 624 231 16 17,contact@assurances-conseil.be,BE0657980452,BE50 3860 1888 4200,BBRUBEBB,assets/logos/business_036.svg
BUS037,Compta & Gestion,Comptabilité,143 Straße des Bouchers,8800,Roeselare,Belgien,+32 556 163 38 20,contact@compta--gestion.be,BE0724052541,BE79 9457 8674 9476,GEBABEBB,assets/logos/business_037.svg
BUS038,Avocat Associés,Juridique,82 Platz du Grand Sablon,8800,Roeselare,Belgien,+32 604 766 62 20,contact@avocat-associs.be,BE0791633209,BE88 6614 8197 9581,GKCCBEBB,assets/logos/business_038.svg
BUS039,Architecture Design,Architecture,55 Straße de la Paix,8500,Kortrijk,Belgien,+32 430 107 18 31,contact@architecture-design.be,BE0775889499,BE32 5830 1486 9522,BBRUBEBB,assets/logos/business_039.svg
BUS040,Événementiel Pro,Événementiel,130 Straße du Commerce,4000,Lüttich,Belgien,+32 217 224 26 46,contact@vnementiel-pro.be,BE0797221094,BE78 3795 1452 7418,GEBABEBB,assets/logos/business_040.svgBUS041
BUS042,Segers Logement social,Logement social,40 Allee de la Liberté,Charleroi,6000,Belgien,+32 40 809 124 57,contact@segers-logement-social.be,BE0003820571,BE53 1138 4554 60,BBRUBEBB,assets/logos/business_bus042.svg
BUS043,Lefranc Aménagement intérieur,Aménagement intérieur,29 Boulevard de l'Europe,Hasselt,3500,Belgien,+32 28 796 200 97,contact@lefranc-aménagement-intérieur.be,BE0003430780,BE76 6334 2961 05,KREDBEBB,assets/logos/business_bus043.svg
BUS044,De Smet & Van Damme,Optik,102 Straße de la Croix,Schaerbeek,1030,Belgien,+32 39 912 556 61,contact@de-smet--van-damme.be,BE0004107703,BE72 0713 2367 81,GEBABEBB,assets/logos/business_bus044.svg
BUS045,OmegaDémolition Belgium,Démolition,28 Platz du Grand Sablon,Rhode-Saint-Genèse,1640,Belgien,+32 90 666 684 76,contact@omegadémolition-belgium.be,BE0001176152,BE30 7589 2611 82,AXABBE22,assets/logos/business_bus045.svg
BUS046,Moreau Fleuriste,Florist,115 Boulevard du Midi,Ans,4430,Belgien,+32 93 894 913 68,contact@moreau-fleuriste.be,BE0001641030,BE96 8182 1144 90,KREDBEBB,assets/logos/business_bus046.svg
BUS047,Jacobs Rehabilitation,Rehabilitation,144 Allee des Champs,Rebecq,1430,Belgien,+32 27 823 820 20,contact@jacobs-rehabilitation.be,BE0004179863,BE64 6782 1105 51,KREDBEBB,assets/logos/business_bus047.svg
BUS048,Transport Evere,Transport,7 Straße Principale,Woluwe-Saint-Pierre,1150,Belgien,+32 76 957 804 90,contact@transport-evere.be,BE0003251991,BE24 1758 7994 97,BBRUBEBB,assets/logos/business_bus048.svg
BUS049,Mercier & André,Buchhandlung,97 Platz du Marché,Namur,5000,Belgien,+32 26 793 630 99,contact@mercier--andré.be,BE0002055073,BE40 1025 9493 31,AXABBE22,assets/logos/business_bus049.svg
BUS050,Wouters Crèche,Crèche,33 Straße de la Victoire,Uccle,1180,Belgien,+32 92 135 951 63,contact@wouters-crèche.be,BE0007452430,BE68 0280 7105 66,GEBABEBB,assets/logos/business_bus050.svg
BUS051,Leroy & Durand,Éducation,55 Boulevard de l'Europe,Mechelen,2800,Belgien,+32 40 787 686 91,contact@leroy--durand.be,BE0002520479,BE03 0179 3855 42,KREDBEBB,assets/logos/business_bus051.svg
BUS052,Eau Elite Agency,Eau,32 Platz Sainte-Catherine,Dilbeek,1700,Belgien,+32 66 949 563 94,contact@eau-elite-agency.be,BE0006864482,BE51 3302 1215 35,BNAGBEBB,assets/logos/business_bus052.svg
BUS053,BioEau Agency,Eau,8 Allee Louise,Ciney,5590,Belgien,+32 70 876 671 34,contact@bioeau-agency.be,BE0008932300,BE55 5655 5434 02,BBRUBEBB,assets/logos/business_bus053.svg
BUS054,Lambert Agriculture,Agriculture,97 Allee de Tervuren,Halle,1500,Belgien,+32 84 207 626 76,contact@lambert-agriculture.be,BE0006024936,BE81 5225 2226 65,KREDBEBB,assets/logos/business_bus054.svg
BUS055,Cyber sécurité Arlon,Cyber sécurité,114 Straße des Sports,Anvers,2000,Belgien,+32 54 457 544 24,contact@cyber-sécurité-arlon.be,BE0002894513,BE03 2518 0133 26,AXABBE22,assets/logos/business_bus055.svg
BUS056,PlusAssociation Solutions,Association,48 Straße des Artisans,Hasselt,3500,Belgien,+32 64 242 747 43,contact@plusassociation-solutions.be,BE0008140656,BE90 1404 1653 57,NICABEBB,assets/logos/business_bus056.svg
BUS057,Électricité domestique Elite Solutions,Électricité domestique,8 Boulevard Léopold,Molenbeek-Saint-Jean,1080,Belgien,+32 89 774 947 77,contact@électricité-domestique-elite-solutions.be,BE0002392223,BE18 1052 9066 81,BBRUBEBB,assets/logos/business_bus057.svg
BUS058,Moreau & Peeters,Aide familiale,74 Straße des Bouchers,Hoeilaart,1560,Belgien,+32 18 982 441 17,contact@moreau--peeters.be,BE0005418609,BE74 7732 1837 64,BNAGBEBB,assets/logos/business_bus058.svg
BUS059,Sécurité Express Concept,Sicherheit,91 Allee des Arts,Saint-Nicolas,9100,Belgien,+32 31 916 692 60,contact@sécurité-express-concept.be,BE0007326464,BE96 0094 1029 97,BBRUBEBB,assets/logos/business_bus059.svg
BUS060,Optique Top Solutions,Optik,104 Straße Haute,Watermael-Boitsfort,1170,Belgien,+32 86 360 471 24,contact@optique-top-solutions.be,BE0008511649,BE56 5112 6897 25,KREDBEBB,assets/logos/business_bus060.svg
BUS061,Leclercq Énergie,Énergie,65 Straße du Marché aux Herbes,Drogenbos,1620,Belgien,+32 45 432 161 67,contact@leclercq-énergie.be,BE0006337049,BE74 4349 5398 88,KREDBEBB,assets/logos/business_bus061.svg
BUS062,Serrurerie Gosselies,Serrurerie,97 Straße de la Gare,Wavre,1300,Belgien,+32 73 824 206 21,contact@serrurerie-gosselies.be,BE0003726816,BE69 4811 7349 72,GEBABEBB,assets/logos/business_bus062.svg
BUS063,Super Éducation Plus,Éducation,140 Allee des Nations,Gand,9000,Belgien,+32 87 744 411 99,contact@super-éducation-plus.be,BE0005775913,BE41 6619 2506 85,NICABEBB,assets/logos/business_bus063.svg
BUS064,PremierCrèche Services,Crèche,64 Boulevard Léopold,Louvain,3000,Belgien,+32 24 993 552 33,contact@premiercrèche-services.be,BE0007512375,BE39 6113 3206 26,AXABBE22,assets/logos/business_bus064.svg
BUS065,Immobilier Pro Bruxelles,Immobilien,45 Straße de la Gare,Courtrai,8500,Belgien,+32 35 337 337 41,contact@immobilier-pro-bruxelles.be,BE0003157599,BE06 7431 9021 06,KREDBEBB,assets/logos/business_bus065.svg
BUS066,De Smet & Goossens,Ostéopathie,6 Platz du Marché,Wemmel,1780,Belgien,+32 24 840 518 75,contact@de-smet--goossens.be,BE0008889183,BE90 5971 7097 81,BBRUBEBB,assets/logos/business_bus066.svg
BUS067,Association Auderghem,Association,77 Allee de la Reine,Huy,4500,Belgien,+32 75 608 806 40,contact@association-auderghem.be,BE0004380610,BE15 8444 4807 96,KREDBEBB,assets/logos/business_bus067.svg
BUS068,Lefranc Traiteur,Traiteur,109 Straße du Commerce,Courtrai,8500,Belgien,+32 99 605 532 13,contact@lefranc-traiteur.be,BE0001346214,BE53 2276 8933 81,AXABBE22,assets/logos/business_bus068.svg
BUS069,Maes & Rousseau,Banque,143 Straße de la Gare,Gand,9000,Belgien,+32 77 516 587 76,contact@maes--rousseau.be,BE0002578611,BE96 5884 8865 24,GEBABEBB,assets/logos/business_bus069.svg
BUS070,AlphaÉpicerie Partners,Épicerie,31 Straße du Commerce,Louvain,3000,Belgien,+32 87 114 244 35,contact@alphaépicerie-partners.be,BE0009930259,BE46 6402 0188 04,AXABBE22,assets/logos/business_bus070.svg
BUS071,Sécurité Louvain,Sicherheit,122 Straße de la Paix,Mons,7000,Belgien,+32 25 458 764 40,contact@sécurité-louvain.be,BE0001096780,BE81 8712 6293 87,KREDBEBB,assets/logos/business_bus071.svg
BUS072,Vandenberghe Gaz domestique,Gaz domestique,51 Straße du Pont,Charleroi,6000,Belgien,+32 86 183 972 81,contact@vandenberghe-gaz-domestique.be,BE0005631882,BE49 8817 7332 59,AXABBE22,assets/logos/business_bus072.svg
BUS073,Export Expert Concept,Export,143 Allee de Tervuren,Anvers,2000,Belgien,+32 58 988 930 61,contact@export-expert-concept.be,BE0007235105,BE29 3183 3316 39,KREDBEBB,assets/logos/business_bus073.svg
BUS074,Top Traduction Bruxelles,Traduction,10 Allee de la Liberté,Vilvorde,1800,Belgien,+32 50 992 876 97,contact@top-traduction-bruxelles.be,BE0001187553,BE96 3621 2560 44,GEBABEBB,assets/logos/business_bus074.svg
BUS075,Vincent & Thys,Gaz domestique,139 Allee de la Liberté,Dilbeek,1700,Belgien,+32 89 569 986 60,contact@vincent--thys.be,BE0005419427,BE14 0055 9106 99,BBRUBEBB,assets/logos/business_bus075.svg
BUS076,BioGazdomestique Solutions,Gaz domestique,124 Boulevard Anspach,Evere,1140,Belgien,+32 37 805 579 23,contact@biogazdomestique-solutions.be,BE0006648693,BE64 8357 6568 54,BNAGBEBB,assets/logos/business_bus076.svg
BUS077,Pompes funèbres Super Agency,Pompes funèbres,41 Straße de l'Étuve,Saint-Josse-ten-Noode,1210,Belgien,+32 13 195 573 34,contact@pompes-funèbres-super-agency.be,BE0009017284,BE03 2142 0330 72,BBRUBEBB,assets/logos/business_bus077.svg
BUS078,Max Pompes funèbres Bruxelles,Pompes funèbres,132 Chaussee de Waterloo,Louvain-la-Neuve,1348,Belgien,+32 26 653 909 28,contact@max-pompes-funèbres-bruxelles.be,BE0004906346,BE50 3873 0807 96,KREDBEBB,assets/logos/business_bus078.svg
BUS079,NewAssurance & Co,Assurance,132 Straße de Flandre,Louvain-la-Neuve,1348,Belgien,+32 37 260 331 44,contact@newassurance--co.be,BE0004127197,BE33 6715 9793 32,AXABBE22,assets/logos/business_bus079.svg
BUS080,ApexRecyclage Plus,Recyclage,54 Allee des Arts,Huy,4500,Belgien,+32 33 878 660 90,contact@apexrecyclage-plus.be,BE0005668971,BE31 7704 4014 64,GEBABEBB,assets/logos/business_bus080.svg
BUS081,Hôtel Anvers,Hôtel,148 Chaussee de Waterloo,Bruges,8000,Belgien,+32 43 592 105 13,contact@hôtel-anvers.be,BE0005622125,BE09 8198 1239 87,NICABEBB,assets/logos/business_bus081.svg
BUS082,OmegaÉducation Bruxelles,Éducation,85 Straße de la Croix,Saint-Servais,5002,Belgien,+32 78 768 664 27,contact@omegaéducation-bruxelles.be,BE0006403642,BE00 5136 2157 81,BBRUBEBB,assets/logos/business_bus082.svg
BUS083,Goossens & Van den Berg,Export,6 Straße du Marché aux Herbes,Nivelles,1400,Belgien,+32 18 775 943 53,contact@goossens--van-den-berg.be,BE0007532743,BE81 3396 4896 45,GEBABEBB,assets/logos/business_bus083.svg
BUS084,Eau Apex Bruxelles,Eau,66 Boulevard du Midi,Tournai,7500,Belgien,+32 44 350 318 85,contact@eau-apex-bruxelles.be,BE0007892985,BE02 8173 4723 76,AXABBE22,assets/logos/business_bus084.svg
BUS085,Top Traiteur Agency,Traiteur,65 Allee des Champs,Grimbergen,1850,Belgien,+32 82 127 235 76,contact@top-traiteur-agency.be,BE0007819638,BE79 4122 4973 07,AXABBE22,assets/logos/business_bus085.svg
BUS086,Mertens & Leroy,Piercing,48 Chaussee de Waterloo,Hermée,4680,Belgien,+32 34 820 826 81,contact@mertens--leroy.be,BE0006215590,BE92 7242 9566 17,BBRUBEBB,assets/logos/business_bus086.svg
BUS087,Banque Braine-l'Alleud,Banque,52 Allee de Tervuren,Forest,1190,Belgien,+32 17 673 433 39,contact@banque-braine-l'alleud.be,BE0003844189,BE78 7264 5730 97,BNAGBEBB,assets/logos/business_bus087.svg
BUS088,Électricité domestique Saint-Josse-ten-Noode,Électricité domestique,115 Allee de Tervuren,Evere,1140,Belgien,+32 27 860 930 27,contact@électricité-domestique-saint-josse-ten-noode.be,BE0007661751,BE97 2079 3042 79,BNAGBEBB,assets/logos/business_bus088.svg
BUS089,Rénovation Smart Partners,Rénovation,70 Straße des Écoles,Saint-Josse-ten-Noode,1210,Belgien,+32 25 213 966 75,contact@rénovation-smart-partners.be,BE0006899620,BE98 4350 5925 82,AXABBE22,assets/logos/business_bus089.svg
BUS090,Maes & Declercq,Rehabilitation,96 Straße de l'Étuve,Zaventem,1930,Belgien,+32 37 309 506 55,contact@maes--declercq.be,BE0003429093,BE06 2162 1580 08,BNAGBEBB,assets/logos/business_bus090.svg
BUS091,Verhoeven & Jacobs,Import-Export,66 Chaussee de Waterloo,Tervuren,3080,Belgien,+32 84 138 484 67,contact@verhoeven--jacobs.be,BE0008240584,BE00 7401 5212 23,NICABEBB,assets/logos/business_bus091.svg
BUS092,Inter Santé mentale Solutions,Santé mentale,129 Straße Principale,Bruges,8000,Belgien,+32 77 894 446 91,contact@inter-santé-mentale-solutions.be,BE0004355245,BE57 7612 0536 84,AXABBE22,assets/logos/business_bus092.svg
BUS093,Claes & Wouters,Aide familiale,20 Boulevard Léopold,Liège,4000,Belgien,+32 43 199 199 14,contact@claes--wouters.be,BE0006757650,BE68 8348 3728 29,KREDBEBB,assets/logos/business_bus093.svg
BUS094,Vandenberghe Boucherie,Boucherie,106 Straße de l'Église,Zemst,1980,Belgien,+32 66 565 290 69,contact@vandenberghe-boucherie.be,BE0001811116,BE08 9848 3392 46,KREDBEBB,assets/logos/business_bus094.svg
BUS095,Transport Omega Services,Transport,16 Straße du Commerce,Rhode-Saint-Genèse,1640,Belgien,+32 38 903 910 31,contact@transport-omega-services.be,BE0007779884,BE77 1838 5715 01,AXABBE22,assets/logos/business_bus095.svg
BUS096,Vandenberghe & Vandenberghe,Intracommunautaire,113 Straße du Commerce,Hoeilaart,1560,Belgien,+32 22 529 949 87,contact@vandenberghe--vandenberghe.be,BE0006775772,BE83 1914 9893 59,GEBABEBB,assets/logos/business_bus096.svg
BUS097,Aménagement intérieur Expert Plus,Aménagement intérieur,41 Allee des Nations,Jette,1090,Belgien,+32 88 166 785 57,contact@aménagement-intérieur-expert-plus.be,BE0008742537,BE28 6016 5789 11,KREDBEBB,assets/logos/business_bus097.svg
BUS098,AlphaCulture Agency,Culture,108 Straße de la Gare,Courtrai,8500,Belgien,+32 88 331 228 25,contact@alphaculture-agency.be,BE0009117512,BE62 1363 9950 73,AXABBE22,assets/logos/business_bus098.svg
BUS099,Aménagement intérieur Ans,Aménagement intérieur,124 Straße de la Gare,Bruxelles,1000,Belgien,+32 47 473 370 15,contact@aménagement-intérieur-ans.be,BE0005328943,BE49 6928 7316 57,AXABBE22,assets/logos/business_bus099.svg
BUS100,TopCrèche Belgium,Crèche,27 Straße de l'Étuve,Drogenbos,1620,Belgien,+32 65 358 101 73,contact@topcrèche-belgium.be,BE0008052392,BE68 6111 3864 14,KREDBEBB,assets/logos/business_bus100.svg
BUS101,ExpertAgriculture & Co,Agriculture,124 Platz du Marché,Bruxelles,1000,Belgien,+32 87 113 654 58,contact@expertagriculture--co.be,BE0002390698,BE29 6756 6134 52,BNAGBEBB,assets/logos/business_bus101.svg
BUS102,Leclercq Énergie,Énergie,105 Straße de Flandre,Marche-en-Famenne,6900,Belgien,+32 80 246 247 23,contact@leclercq-énergie.be,BE0006940942,BE96 8625 6619 38,GEBABEBB,assets/logos/business_bus102.svg
BUS103,Association First & Co,Association,117 Straße des Artisans,Ixelles,1050,Belgien,+32 56 764 256 55,contact@association-first--co.be,BE0006884288,BE30 2233 2791 93,BBRUBEBB,assets/logos/business_bus103.svg
BUS104,Bernard & Wouters,Électricité domestique,127 Boulevard de l'Europe,Grimbergen,1850,Belgien,+32 57 917 180 77,contact@bernard--wouters.be,BE0006420066,BE42 8958 4389 43,KREDBEBB,assets/logos/business_bus104.svg
BUS105,QualitéVétérinaire Partners,Vétérinaire,9 Straße des Artisans,Huy,4500,Belgien,+32 89 775 995 50,contact@qualitévétérinaire-partners.be,BE0001815894,BE34 9918 7670 17,BBRUBEBB,assets/logos/business_bus105.svg
BUS106,Apex Éducation Concept,Éducation,69 Straße des Écoles,Hoeilaart,1560,Belgien,+32 84 362 858 95,contact@apex-éducation-concept.be,BE0004656955,BE64 7147 0798 80,BBRUBEBB,assets/logos/business_bus106.svg
BUS107,François Événementiel,Événementiel,127 Straße de Flandre,Libramont,6800,Belgien,+32 62 789 477 95,contact@françois-événementiel.be,BE0004951191,BE05 9579 0777 48,GEBABEBB,assets/logos/business_bus107.svg
BUS108,Rehabilitation Expert Solutions,Rehabilitation,104 Boulevard Anspach,Nivelles,1400,Belgien,+32 77 599 200 11,contact@rehabilitation-expert-solutions.be,BE0009515990,BE03 5090 6181 89,NICABEBB,assets/logos/business_bus108.svg
BUS109,Express Assurance Solutions,Assurance,53 Allee de Tervuren,Overijse,3090,Belgien,+32 84 968 328 18,contact@express-assurance-solutions.be,BE0007110818,BE05 9360 3749 88,BNAGBEBB,assets/logos/business_bus109.svg
BUS110,Ostéopathie Inter,Ostéopathie,140 Straße des Sports,Ans,4430,Belgien,+32 48 816 463 26,contact@ostéopathie-inter.be,BE0006065354,BE38 5507 3499 08,BBRUBEBB,assets/logos/business_bus110.svg
BUS111,PlusOstéopathie Agency,Ostéopathie,101 Straße de la Fontaine,Tournai,7500,Belgien,+32 17 114 517 97,contact@plusostéopathie-agency.be,BE0003129470,BE77 6154 0752 42,GEBABEBB,assets/logos/business_bus111.svg
BUS112,Segers Banque,Banque,138 Boulevard Anspach,Hoeilaart,1560,Belgien,+32 78 860 364 88,contact@segers-banque.be,BE0003868677,BE31 1108 6529 52,BBRUBEBB,assets/logos/business_bus112.svg
BUS113,Santé mentale Premier Agency,Santé mentale,103 Boulevard Industriel,Mons,7000,Belgien,+32 99 390 172 16,contact@santé-mentale-premier-agency.be,BE0006508303,BE36 7306 7284 43,NICABEBB,assets/logos/business_bus113.svg
BUS114,Premier Export,Export,40 Straße de la Victoire,Roulers,8800,Belgien,+32 80 399 529 45,contact@premier-export.be,BE0006504649,BE72 1494 5632 82,NICABEBB,assets/logos/business_bus114.svg
BUS115,Lemaître & Peeters,Optik,84 Platz du Grand Sablon,Nivelles,1400,Belgien,+32 45 384 482 74,contact@lemaître--peeters.be,BE0001464004,BE82 0154 7237 92,BBRUBEBB,assets/logos/business_bus115.svg
BUS116,Leroy & Leclercq,Électricité domestique,147 Allee de Tervuren,Braine-l'Alleud,1420,Belgien,+32 67 702 486 70,contact@leroy--leclercq.be,BE0003557748,BE67 9825 5337 23,BBRUBEBB,assets/logos/business_bus116.svg
BUS117,André Développement logiciel,Développement logiciel,74 Straße de la Victoire,Ans,4430,Belgien,+32 90 390 179 19,contact@andré-développement-logiciel.be,BE0005182909,BE26 9741 6071 53,BBRUBEBB,assets/logos/business_bus117.svg
BUS118,Verhoeven & Bertrand,Démolition,99 Straße des Écoles,Dilbeek,1700,Belgien,+32 69 382 279 21,contact@verhoeven--bertrand.be,BE0003655297,BE75 2088 7592 64,GEBABEBB,assets/logos/business_bus118.svg
BUS119,First Démolition Services,Démolition,17 Allee de Tervuren,Bastogne,6600,Belgien,+32 57 983 256 11,contact@first-démolition-services.be,BE0001015459,BE45 7232 3940 40,BNAGBEBB,assets/logos/business_bus119.svg
BUS120,Eau Saint-Nicolas,Eau,29 Chaussee de Waterloo,Tervuren,3080,Belgien,+32 42 760 687 46,contact@eau-saint-nicolas.be,BE0001864550,BE00 1360 5372 03,BNAGBEBB,assets/logos/business_bus120.svg
BUS121,Immobilier Mons,Immobilien,51 Boulevard de l'Europe,Molenbeek-Saint-Jean,1080,Belgien,+32 53 412 784 23,contact@immobilier-mons.be,BE0006298849,BE86 9948 2774 19,BBRUBEBB,assets/logos/business_bus121.svg
BUS122,Max Rénovation Services,Rénovation,9 Straße Antoine Dansaert,Genk,3600,Belgien,+32 32 754 779 23,contact@max-rénovation-services.be,BE0003576481,BE37 7481 8207 49,AXABBE22,assets/logos/business_bus122.svg
BUS123,Eau Uccle,Eau,34 Boulevard Industriel,Overijse,3090,Belgien,+32 75 458 751 61,contact@eau-uccle.be,BE0003941477,BE82 5451 3526 70,GEBABEBB,assets/logos/business_bus123.svg
BUS124,ProCordonnerie Partners,Cordonnerie,126 Straße de la Fontaine,Wavre,1300,Belgien,+32 44 208 826 64,contact@procordonnerie-partners.be,BE0006124076,BE97 9150 1680 47,BNAGBEBB,assets/logos/business_bus124.svg
BUS125,Épicerie Anvers,Épicerie,74 Allee des Nations,Roulers,8800,Belgien,+32 14 420 264 76,contact@épicerie-anvers.be,BE0002330530,BE17 7465 8621 88,AXABBE22,assets/logos/business_bus125.svg
BUS126,Épicerie Qualité,Épicerie,128 Straße des Bouchers,Huy,4500,Belgien,+32 84 643 250 27,contact@épicerie-qualité.be,BE0001813635,BE39 5712 0118 32,KREDBEBB,assets/logos/business_bus126.svg
BUS127,Pharmacie Inter Partners,Pharmacie,70 Straße des Artisans,Nivelles,1400,Belgien,+32 48 244 140 96,contact@pharmacie-inter-partners.be,BE0006616711,BE89 6377 2565 54,BNAGBEBB,assets/logos/business_bus127.svg
BUS128,Banque Eco Bruxelles,Banque,42 Allee de la Liberté,Ittre,1460,Belgien,+32 80 436 188 14,contact@banque-eco-bruxelles.be,BE0002127696,BE58 4216 8301 06,KREDBEBB,assets/logos/business_bus128.svg
BUS129,Elite Agence web Agency,Agence web,148 Straße de la Croix,Louvain-la-Neuve,1348,Belgien,+32 63 345 945 89,contact@elite-agence-web-agency.be,BE0001898006,BE05 4829 1912 08,KREDBEBB,assets/logos/business_bus129.svg
BUS130,Vandenberghe Esthétique,Esthétique,22 Allee de la Liberté,Hasselt,3500,Belgien,+32 68 169 555 71,contact@vandenberghe-esthétique.be,BE0006183918,BE40 6476 4564 81,BNAGBEBB,assets/logos/business_bus130.svg
BUS131,Top Logement social Bruxelles,Logement social,119 Platz du Grand Sablon,Seraing,4100,Belgien,+32 69 163 317 94,contact@top-logement-social-bruxelles.be,BE0003782188,BE49 0618 5253 80,BNAGBEBB,assets/logos/business_bus131.svg
BUS132,Eco Diplomatique Plus,Diplomatique,110 Boulevard de l'Europe,Namur,5000,Belgien,+32 22 939 153 32,contact@eco-diplomatique-plus.be,BE0009715833,BE02 5517 8694 99,GEBABEBB,assets/logos/business_bus132.svg
BUS133,François Location voiture,Location voiture,80 Straße du Commerce,Jette,1090,Belgien,+32 70 188 756 71,contact@françois-location-voiture.be,BE0006936371,BE90 7556 3935 12,BNAGBEBB,assets/logos/business_bus133.svg
BUS134,Wouters Éducation,Éducation,21 Straße Antoine Dansaert,Hermée,4680,Belgien,+32 51 666 189 67,contact@wouters-éducation.be,BE0001438069,BE22 1122 4533 83,BNAGBEBB,assets/logos/business_bus134.svg
BUS135,Simon & Peeters,Développement logiciel,53 Straße de Rollebeek,Wemmel,1780,Belgien,+32 27 118 889 64,contact@simon--peeters.be,BE0006307433,BE21 8400 9367 53,BNAGBEBB,assets/logos/business_bus135.svg
BUS136,Assurance Euro Services,Assurance,51 Straße de la Gare,Bruxelles,1000,Belgien,+32 69 727 235 29,contact@assurance-euro-services.be,BE0006164595,BE99 8074 2421 81,KREDBEBB,assets/logos/business_bus136.svg
BUS137,Rehabilitation New Belgium,Rehabilitation,144 Boulevard Industriel,Gand,9000,Belgien,+32 17 218 812 12,contact@rehabilitation-new-belgium.be,BE0008542316,BE22 7191 1936 90,BBRUBEBB,assets/logos/business_bus137.svg
BUS138,Gaz domestique Nivelles,Gaz domestique,45 Straße du Pont,Verviers,4800,Belgien,+32 52 128 707 84,contact@gaz-domestique-nivelles.be,BE0009754200,BE26 8138 4964 44,NICABEBB,assets/logos/business_bus138.svg
BUS139,Marketing Saint-Josse-ten-Noode,Marketing,11 Allee de Tervuren,Auderghem,1160,Belgien,+32 63 585 125 33,contact@marketing-saint-josse-ten-noode.be,BE0001460872,BE97 6245 8788 76,GEBABEBB,assets/logos/business_bus139.svg
BUS140,Kinésithérapie Prime & Co,Kinésithérapie,3 Allee de Tervuren,Woluwe-Saint-Lambert,1200,Belgien,+32 68 157 127 52,contact@kinésithérapie-prime--co.be,BE0007855781,BE66 5778 6422 83,KREDBEBB,assets/logos/business_bus140.svg
BUS141,Santé mentale Max Partners,Santé mentale,18 Straße des Artisans,Halle,1500,Belgien,+32 52 818 124 24,contact@santé-mentale-max-partners.be,BE0001602068,BE99 0557 7200 34,NICABEBB,assets/logos/business_bus141.svg
BUS142,Smart Santé mentale Bruxelles,Santé mentale,16 Straße du Parc,Overijse,3090,Belgien,+32 10 512 920 17,contact@smart-santé-mentale-bruxelles.be,BE0001397742,BE44 8906 9364 95,NICABEBB,assets/logos/business_bus142.svg
BUS143,Michel Éducation,Éducation,41 Straße Haute,Watermael-Boitsfort,1170,Belgien,+32 66 566 168 79,contact@michel-éducation.be,BE0005019060,BE94 2080 9572 64,AXABBE22,assets/logos/business_bus143.svg
BUS144,PlusImport-Export Partners,Import-Export,57 Allee Louise,Molenbeek-Saint-Jean,1080,Belgien,+32 55 905 754 28,contact@plusimport-export-partners.be,BE0002077323,BE92 6161 6677 03,NICABEBB,assets/logos/business_bus144.svg
BUS145,Max Ostéopathie,Ostéopathie,1 Straße du Parc,Drogenbos,1620,Belgien,+32 51 613 266 46,contact@max-ostéopathie.be,BE0006070297,BE78 0112 2020 56,AXABBE22,assets/logos/business_bus145.svg
BUS146,Intracommunautaire Expert Concept,Intracommunautaire,113 Allee des Arts,Halle,1500,Belgien,+32 36 130 113 68,contact@intracommunautaire-expert-concept.be,BE0007429575,BE25 8701 1639 50,BBRUBEBB,assets/logos/business_bus146.svg
BUS147,Énergie Seraing,Énergie,92 Straße de la Victoire,Louvain,3000,Belgien,+32 26 285 816 17,contact@énergie-seraing.be,BE0005492987,BE74 0329 1215 54,BNAGBEBB,assets/logos/business_bus147.svg
BUS148,Transport Ostende,Transport,38 Straße Neuve,Mechelen,2800,Belgien,+32 50 909 637 19,contact@transport-ostende.be,BE0001383818,BE36 6191 9710 09,BBRUBEBB,assets/logos/business_bus148.svg
BUS149,Devos Agriculture,Agriculture,18 Platz du Grand Sablon,Ciney,5590,Belgien,+32 81 253 588 40,contact@devos-agriculture.be,BE0008616228,BE56 4382 6655 49,GEBABEBB,assets/logos/business_bus149.svg
BUS150,Rousseau Fleuriste,Florist,75 Platz du Marché,Ixelles,1050,Belgien,+32 76 223 437 87,contact@rousseau-fleuriste.be,BE0004118463,BE50 9199 6227 57,BBRUBEBB,assets/logos/business_bus150.svg
BUS151,Desmet Banque,Banque,54 Straße des Sports,Ixelles,1050,Belgien,+32 26 723 100 52,contact@desmet-banque.be,BE0006352815,BE62 5995 2053 00,GEBABEBB,assets/logos/business_bus151.svg
BUS152,Télécommunications Wemmel,Télécommunications,49 Straße du Commerce,Louvain,3000,Belgien,+32 92 136 409 38,contact@télécommunications-wemmel.be,BE0007586593,BE87 5124 4716 95,GEBABEBB,assets/logos/business_bus152.svg
BUS153,Banque Eco,Banque,52 Straße du Pont,Watermael-Boitsfort,1170,Belgien,+32 14 951 400 84,contact@banque-eco.be,BE0001589804,BE88 9451 9606 08,GEBABEBB,assets/logos/business_bus153.svg
BUS154,PremierÉnergie Solutions,Énergie,73 Allee des Nations,Evere,1140,Belgien,+32 28 872 368 15,contact@premierénergie-solutions.be,BE0002925756,BE83 1526 7047 88,GEBABEBB,assets/logos/business_bus154.svg
BUS155,Lefranc & Lemaître,Diplomatique,27 Straße des Sports,Evere,1140,Belgien,+32 49 882 475 77,contact@lefranc--lemaître.be,BE0007273507,BE75 4854 2992 32,AXABBE22,assets/logos/business_bus155.svg
BUS156,Comptabilité Tubize,Comptabilité,64 Boulevard du Midi,Halle,1500,Belgien,+32 89 343 430 12,contact@comptabilité-tubize.be,BE0005730766,BE53 0803 8192 93,AXABBE22,assets/logos/business_bus156.svg
BUS157,Martin Pompes funèbres,Pompes funèbres,113 Allee de Tervuren,Braine-l'Alleud,1420,Belgien,+32 36 962 563 17,contact@martin-pompes-funèbres.be,BE0004411612,BE18 8766 8336 08,GEBABEBB,assets/logos/business_bus157.svg
BUS158,Recyclage Qualité Partners,Recyclage,22 Chaussee de Waterloo,Louvain-la-Neuve,1348,Belgien,+32 39 871 945 84,contact@recyclage-qualité-partners.be,BE0005339376,BE22 0828 0754 15,AXABBE22,assets/logos/business_bus158.svg
BUS159,Aménagement intérieur Ittre,Aménagement intérieur,19 Straße de l'Étuve,Bastogne,6600,Belgien,+32 89 560 709 55,contact@aménagement-intérieur-ittre.be,BE0006129607,BE32 5344 2584 45,KREDBEBB,assets/logos/business_bus159.svg
BUS160,ApexPiercing Agency,Piercing,21 Straße du Parc,Anderlecht,1070,Belgien,+32 48 799 938 20,contact@apexpiercing-agency.be,BE0006468263,BE49 6175 6755 88,NICABEBB,assets/logos/business_bus160.svg
BUS161,Omega Assurance Agency,Assurance,133 Boulevard de l'Europe,Liège,4000,Belgien,+32 15 961 992 20,contact@omega-assurance-agency.be,BE0004735745,BE49 4362 9629 94,KREDBEBB,assets/logos/business_bus161.svg
BUS162,Garde-meuble Vilvorde,Garde-meuble,27 Straße de Flandre,Tournai,7500,Belgien,+32 36 556 169 55,contact@garde-meuble-vilvorde.be,BE0003496236,BE73 2248 3638 93,NICABEBB,assets/logos/business_bus162.svg
BUS163,ExpressTatouage Plus,Tatouage,43 Straße de Rollebeek,Tervuren,3080,Belgien,+32 30 243 947 92,contact@expresstatouage-plus.be,BE0003005228,BE28 6170 1111 35,NICABEBB,assets/logos/business_bus163.svg
BUS164,Rousseau Assurance,Assurance,145 Straße Haute,Verviers,4800,Belgien,+32 45 196 461 40,contact@rousseau-assurance.be,BE0004277317,BE17 6024 6990 60,BNAGBEBB,assets/logos/business_bus164.svg
BUS165,NewAgencedevoyage,Agence de voyage,69 Straße des Artisans,Auderghem,1160,Belgien,+32 58 905 761 13,contact@newagencedevoyage.be,BE0004774122,BE56 2293 1331 51,BBRUBEBB,assets/logos/business_bus165.svg
BUS166,New Rehabilitation Services,Rehabilitation,136 Chaussee de Waterloo,Dilbeek,1700,Belgien,+32 30 436 563 98,contact@new-rehabilitation-services.be,BE0004208569,BE45 2823 9217 85,KREDBEBB,assets/logos/business_bus166.svg
BUS167,ProAgriculture Belgium,Agriculture,51 Straße Neuve,Overijse,3090,Belgien,+32 15 428 791 19,contact@proagriculture-belgium.be,BE0004595651,BE94 4285 3594 97,BNAGBEBB,assets/logos/business_bus167.svg
BUS168,ExpertCrèche Concept,Crèche,22 Straße de l'Étuve,Saint-Nicolas,9100,Belgien,+32 44 177 646 78,contact@expertcrèche-concept.be,BE0009556298,BE92 2932 9174 15,GEBABEBB,assets/logos/business_bus168.svg
BUS169,BestDémolition Solutions,Démolition,92 Straße des Artisans,Nivelles,1400,Belgien,+32 27 329 162 77,contact@bestdémolition-solutions.be,BE0003645587,BE28 3418 0771 58,AXABBE22,assets/logos/business_bus169.svg
BUS170,Gaz domestique Molenbeek-Saint-Jean,Gaz domestique,109 Allee de Tervuren,Saint-Josse-ten-Noode,1210,Belgien,+32 59 390 516 61,contact@gaz-domestique-molenbeek-saint-jean.be,BE0001579319,BE71 5298 9872 89,BNAGBEBB,assets/logos/business_bus170.svg
BUS171,Inter Médecin & Co,Médecin,39 Straße de la Croix,Jette,1090,Belgien,+32 40 812 685 47,contact@inter-médecin--co.be,BE0005352129,BE00 9092 9173 04,KREDBEBB,assets/logos/business_bus171.svg
BUS172,Best Agriculture Plus,Agriculture,129 Boulevard du Midi,Wemmel,1780,Belgien,+32 90 271 544 89,contact@best-agriculture-plus.be,BE0004445587,BE46 2267 8754 88,GEBABEBB,assets/logos/business_bus172.svg
BUS173,Bernard & André,Eau,132 Platz du Marché,Uccle,1180,Belgien,+32 22 896 624 85,contact@bernard--andré.be,BE0004796355,BE23 8302 3777 37,AXABBE22,assets/logos/business_bus173.svg
BUS174,Modern Rehabilitation Belgium,Rehabilitation,44 Straße des Artisans,Waterloo,1410,Belgien,+32 16 297 157 68,contact@modern-rehabilitation-belgium.be,BE0006666480,BE92 6073 0089 01,AXABBE22,assets/logos/business_bus174.svg
BUS175,Moreau Pompes funèbres,Pompes funèbres,72 Straße des Artisans,Ans,4430,Belgien,+32 47 548 447 91,contact@moreau-pompes-funèbres.be,BE0001785335,BE87 3499 0971 81,NICABEBB,assets/logos/business_bus175.svg
BUS176,Dubois & Lemaire,Banque,4 Straße des Écoles,Hasselt,3500,Belgien,+32 14 687 388 74,contact@dubois--lemaire.be,BE0002329245,BE69 0695 9543 48,BNAGBEBB,assets/logos/business_bus176.svg
BUS177,De Smet & Guillaume,Juwelier,62 Straße des Artisans,Seraing,4100,Belgien,+32 51 642 712 77,contact@de-smet--guillaume.be,BE0006591262,BE54 7804 9321 52,NICABEBB,assets/logos/business_bus177.svg
BUS178,Traduction Apex Solutions,Traduction,117 Straße de la Croix,Drogenbos,1620,Belgien,+32 90 631 701 64,contact@traduction-apex-solutions.be,BE0009162336,BE69 8052 5990 25,GEBABEBB,assets/logos/business_bus178.svg
BUS179,Éducation Top Agency,Éducation,35 Straße Antoine Dansaert,Mechelen,2800,Belgien,+32 33 516 416 78,contact@éducation-top-agency.be,BE0002507457,BE33 7964 0908 15,KREDBEBB,assets/logos/business_bus179.svg
BUS180,Mertens & Verhoeven,Culture,8 Boulevard Industriel,Marche-en-Famenne,6900,Belgien,+32 63 734 939 99,contact@mertens--verhoeven.be,BE0003164050,BE03 8398 2981 06,BNAGBEBB,assets/logos/business_bus180.svg
BUS181,Alpha Aménagement intérieur,Aménagement intérieur,44 Straße Neuve,Hasselt,3500,Belgien,+32 22 814 603 65,contact@alpha-aménagement-intérieur.be,BE0007136414,BE41 4434 9834 99,NICABEBB,assets/logos/business_bus181.svg
BUS182,Cools & Peeters,Épicerie,140 Boulevard Industriel,Watermael-Boitsfort,1170,Belgien,+32 27 715 175 75,contact@cools--peeters.be,BE0007994914,BE24 7193 4069 55,BBRUBEBB,assets/logos/business_bus182.svg
BUS183,ExpressPompesfunèbres Solutions,Pompes funèbres,44 Straße Principale,Mons,7000,Belgien,+32 29 186 308 58,contact@expresspompesfunèbres-solutions.be,BE0001515787,BE93 9759 6563 23,KREDBEBB,assets/logos/business_bus183.svg
BUS184,Crèche Ciney,Crèche,75 Straße des Écoles,Gand,9000,Belgien,+32 25 329 495 67,contact@crèche-ciney.be,BE0008040024,BE97 4727 0363 11,NICABEBB,assets/logos/business_bus184.svg
BUS185,Logement social Alpha Agency,Logement social,105 Straße des Bouchers,Waterloo,1410,Belgien,+32 37 607 163 74,contact@logement-social-alpha-agency.be,BE0007466442,BE82 5155 8159 71,GEBABEBB,assets/logos/business_bus185.svg
BUS186,Desmet & Mercier,Intracommunautaire,11 Allee des Nations,Arlon,6700,Belgien,+32 17 127 732 90,contact@desmet--mercier.be,BE0006721950,BE08 9680 0664 53,GEBABEBB,assets/logos/business_bus186.svg
BUS187,Simon & Dubois,Ostéopathie,39 Boulevard Anspach,Seraing,4100,Belgien,+32 33 441 623 33,contact@simon--dubois.be,BE0004508838,BE93 2577 9444 40,BBRUBEBB,assets/logos/business_bus187.svg
BUS188,Logement social Super Belgium,Logement social,21 Straße des Bouchers,Hoeilaart,1560,Belgien,+32 59 397 249 63,contact@logement-social-super-belgium.be,BE0003979322,BE11 4592 0621 38,AXABBE22,assets/logos/business_bus188.svg
BUS189,Optique Best,Optik,17 Allee du Centre,Woluwe-Saint-Lambert,1200,Belgien,+32 54 156 595 39,contact@optique-best.be,BE0006884210,BE02 1764 3012 55,BBRUBEBB,assets/logos/business_bus189.svg
BUS190,Bernard Association,Association,138 Allee de Tervuren,Louvain,3000,Belgien,+32 87 505 299 35,contact@bernard-association.be,BE0007322392,BE48 5593 0288 29,GEBABEBB,assets/logos/business_bus190.svg
