ID,Prenom,Nom,Adresse,CodePostal,Ville,Pays,Telephone,Email
CLI001,Arthur,Leroy,87 Allee de la Reine,9000,Gent,Belgien,+32 574 392 23 11,arthur.leroy@email.be
CLI002,Arthur,Claes,5 Allee de la Liberté,9100,Sint-Niklaas,Belgien,+32 735 704 12 33,arthur.claes@email.be
CLI003,Emma,Leroy,50 Boulevard Anspach,1000,Brüssel,Belgien,+32 648 212 22 56,emma.leroy@email.be
CLI004,Lina,Leroy,105 Boulevard Léopold,5000,Namür,Belgien,+32 370 462 32 81,lina.leroy@email.be
CLI005,Julia,Goossens,83 Straße Antoine Dansaert,7100,La Louvière,Belgien,+32 440 420 51 44,julia.goossens@email.be
CLI006,Ethan,Claes,98 Allee de la Reine,5000,Namür,Belgien,+32 305 580 27 37,ethan.claes@email.be
CLI007,Louis,Durand,143 Straße de Rollebeek,4100,Seraing,Belgien,+32 224 508 87 35,louis.durand@email.be
CLI008,Camille,Dupont,156 Allee de Tervuren,7000,Bergen,Belgien,+32 605 997 28 99,camille.dupont@email.be
CLI009,Hugo,Bernard,28 Straße des Bouchers,8500,Kortrijk,Belgien,+32 547 404 96 50,hugo.bernard@email.be
CLI010,Nathan,Janssens,153 Straße de la Paix,1000,Brüssel,Belgien,+32 615 601 90 35,nathan.janssens@email.be
CLI011,Tom,André,20 Platz Sainte-Catherine,9100,Sint-Niklaas,Belgien,+32 562 259 99 17,tom.andré@email.be
CLI012,Nina,Leroy,137 Straße de Rollebeek,5000,Namür,Belgien,+32 948 732 30 44,nina.leroy@email.be
CLI013,Mohamed,Michel,8 Straße Haute,2800,Mecheln,Belgien,+32 345 502 33 30,mohamed.michel@email.be
CLI014,Lina,Bernard,70 Straße de Flandre,2000,Antwerpen,Belgien,+32 128 390 32 50,lina.bernard@email.be
CLI015,Liam,Mercier,198 Platz du Grand Sablon,8000,Brügge,Belgien,+32 355 785 45 11,liam.mercier@email.be
CLI016,Thomas,Goossens,7 Chaussee de Waterloo,4000,Lüttich,Belgien,+32 962 209 88 38,thomas.goossens@email.be
CLI017,Emma,Mercier,188 Straße de Flandre,1000,Brüssel,Belgien,+32 877 467 65 22,emma.mercier@email.be
CLI018,Louise,Bonnet,83 Platz du Grand Sablon,2800,Mecheln,Belgien,+32 656 539 94 91,louise.bonnet@email.be
CLI019,Raphaël,Lefranc,181 Platz du Grand Sablon,6000,Charleroi,Belgien,+32 573 611 72 17,raphaël.lefranc@email.be
CLI020,Gabriel,Martin,98 Allee de la Reine,4000,Lüttich,Belgien,+32 750 517 75 32,gabriel.martin@email.be
CLI021,Tom,Vermeulen,117 Straße du Marché aux Herbes,6000,Charleroi,Belgien,+32 713 481 52 74,tom.vermeulen@email.be
CLI022,Chloé,Dupont,99 Boulevard Léopold,4800,Verviers,Belgien,+32 237 203 87 13,chloé.dupont@email.be
CLI023,Charlotte,Moreau,12 Allee de Tervuren,8400,Ostende,Belgien,+32 552 561 60 56,charlotte.moreau@email.be
CLI024,Jules,Moreau,63 Allee de la Liberté,9000,Gent,Belgien,+32 683 711 19 76,jules.moreau@email.be
CLI025,Hugo,Van den Berg,195 Straße des Bouchers,8800,Roeselare,Belgien,+32 977 601 89 47,hugo.van den berg@email.be
CLI026,Maxime,Martin,69 Straße Neuve,4800,Verviers,Belgien,+32 678 536 99 98,maxime.martin@email.be
CLI027,Julia,Michel,60 Straße de Rollebeek,4000,Lüttich,Belgien,+32 503 628 85 91,julia.michel@email.be
CLI028,Jules,Lefebvre,108 Boulevard Anspach,4800,Verviers,Belgien,+32 375 993 18 38,jules.lefebvre@email.be
CLI029,Théo,Peeters,36 Allee de Tervuren,8000,Brügge,Belgien,+32 348 212 41 43,théo.peeters@email.be
CLI030,Hugo,Richard,44 Platz Sainte-Catherine,7500,Tournai,Belgien,+32 170 815 83 56,hugo.richard@email.be
CLI031,Olivia,Maes,47 Straße de Flandre,3600,Genk,Belgien,+32 701 281 51 91,olivia.maes@email.be
CLI032,Nina,Van den Berg,199 Straße de Rollebeek,3000,Löwen,Belgien,+32 508 380 20 85,nina.van den berg@email.be
CLI033,Charlotte,Durand,85 Straße Antoine Dansaert,8800,Roeselare,Belgien,+32 933 967 68 48,charlotte.durand@email.be
CLI034,Mila,Peeters,101 Straße de Rollebeek,7500,Tournai,Belgien,+32 853 777 56 34,mila.peeters@email.be
CLI035,Mathis,Mertens,9 Straße Neuve,4000,Lüttich,Belgien,+32 905 491 45 12,mathis.mertens@email.be
CLI036,Charlotte,Robert,179 Allee de la Reine,3500,Hasselt,Belgien,+32 275 964 46 29,charlotte.robert@email.be
CLI037,Jules,Girard,129 Straße Neuve,4800,Verviers,Belgien,+32 812 881 37 40,jules.girard@email.be
CLI038,Ethan,Mercier,196 Allee de la Liberté,3600,Genk,Belgien,+32 481 439 92 10,ethan.mercier@email.be
CLI039,Raphaël,Bernard,43 Straße de Rollebeek,7100,La Louvière,Belgien,+32 722 111 32 45,raphaël.bernard@email.be
CLI040,Théo,De Vries,101 Straße de l'Étuve,2000,Antwerpen,Belgien,+32 483 361 54 99,théo.de vries@email.beCLI041
CLI042,Paul,Leclercq,19 Straße Antoine Dansaert,Ixelles,1050,Belgien,+32 39 274 750 99,paul.leclercq@email.be
CLI043,Olivier,Lemaître,43 Allee des Arts,Ans,4430,Belgien,+32 37 497 940 92,olivier.lemaître@email.be
CLI044,Léa,Pieters,7 Chaussee de Mons,Braine-l'Alleud,1420,Belgien,+32 40 620 384 86,léa.pieters@email.be
CLI045,Paul,Cools,54 Allee des Arts,Braine-l'Alleud,1420,Belgien,+32 64 148 420 66,paul.cools@email.be
CLI046,Louise,Dupuis,4 Straße Haute,Halle,1500,Belgien,+32 53 568 248 33,louise.dupuis@email.be
CLI047,Chloé,Guillaume,33 Allee de la Reine,Seraing,4100,Belgien,+32 16 744 385 91,chloé.guillaume@email.be
CLI048,Zoé,Martin,71 Boulevard de l'Europe,Hermée,4680,Belgien,+32 19 953 425 99,zoé.martin@email.be
CLI049,Victor,Jacobs,76 Boulevard Léopold,Tervuren,3080,Belgien,+32 70 227 946 15,victor.jacobs@email.be
CLI050,Jules,Girard,51 Straße des Sports,Gosselies,6041,Belgien,+32 77 537 748 47,jules.girard@email.be
CLI051,Léonie,Lambert,13 Allee du Centre,Evere,1140,Belgien,+32 52 310 203 85,léonie.lambert@email.be
CLI052,Maxime,Durand,91 Allee Louise,Schaerbeek,1030,Belgien,+32 60 351 405 75,maxime.durand@email.be
CLI053,Gabriel,Baert,9 Straße de la Loi,Kampenhout,1910,Belgien,+32 80 775 636 13,gabriel.baert@email.be
CLI054,Lucas,Declercq,48 Straße de la Station,Waterloo,1410,Belgien,+32 61 158 453 70,lucas.declercq@email.be
CLI055,Sébastien,Charlier,98 Platz du Marché,Jette,1090,Belgien,+32 55 436 668 84,sébastien.charlier@email.be
CLI056,Louis,Pieters,107 Allee de la Reine,Mechelen,2800,Belgien,+32 20 624 804 70,louis.pieters@email.be
CLI057,Zoé,Lemaître,24 Straße de la Victoire,Libramont,6800,Belgien,+32 63 164 211 77,zoé.lemaître@email.be
CLI058,Cédric,Van Damme,33 Straße du Marché aux Herbes,Hoeilaart,1560,Belgien,+32 37 351 459 97,cédric.van damme@email.be
CLI059,Mila,François,73 Straße de la Station,La Louvière,7100,Belgien,+32 47 755 166 93,mila.françois@email.be
CLI060,Grégory,André,119 Straße de Flandre,Ittre,1460,Belgien,+32 75 996 595 21,grégory.andré@email.be
CLI061,Pierre,Smet,87 Boulevard du Midi,Dilbeek,1700,Belgien,+32 18 615 451 48,pierre.smet@email.be
CLI062,David,Moreau,25 Straße de la Station,Anderlecht,1070,Belgien,+32 53 849 701 85,david.moreau@email.be
CLI063,Paul,Van Damme,144 Allee de Tervuren,Hermée,4680,Belgien,+32 50 813 701 98,paul.van damme@email.be
CLI064,Hugo,Mertens,67 Platz Sainte-Catherine,Ans,4430,Belgien,+32 78 777 409 40,hugo.mertens@email.be
CLI065,Cédric,Charlier,102 Allee du Centre,Forest,1190,Belgien,+32 89 455 740 58,cédric.charlier@email.be
CLI066,Mila,Devos,127 Straße de l'Église,Zaventem,1930,Belgien,+32 81 382 784 86,mila.devos@email.be
CLI067,Arthur,Vandenberghe,30 Allee des Nations,Hoeilaart,1560,Belgien,+32 93 673 611 30,arthur.vandenberghe@email.be
CLI068,Henri,Van den Berg,115 Straße de la Fontaine,Braine-l'Alleud,1420,Belgien,+32 67 561 956 86,henri.van den berg@email.be
CLI069,Hugo,Martin,23 Straße des Bouchers,Bruxelles,1000,Belgien,+32 70 851 576 35,hugo.martin@email.be
CLI070,Olivier,Leclercq,86 Allee de la Liberté,Halle,1500,Belgien,+32 71 408 445 62,olivier.leclercq@email.be
CLI071,Maxime,Dupont,26 Platz du Marché,Schaerbeek,1030,Belgien,+32 62 211 307 17,maxime.dupont@email.be
CLI072,Emma,Moreau,73 Straße du Pont,Charleroi,6000,Belgien,+32 27 971 760 30,emma.moreau@email.be
CLI073,Jacques,Charlier,76 Straße de Rollebeek,Hermée,4680,Belgien,+32 96 770 481 41,jacques.charlier@email.be
CLI074,Nina,Moreau,7 Straße des Sports,Genk,3600,Belgien,+32 79 895 935 18,nina.moreau@email.be
CLI075,Elena,Van den Berg,110 Straße de Flandre,Wemmel,1780,Belgien,+32 87 746 269 40,elena.van den berg@email.be
CLI076,Christophe,Girard,6 Straße de la Loi,La Louvière,7100,Belgien,+32 55 972 240 94,christophe.girard@email.be
CLI077,Jade,Lambert,116 Straße du Commerce,Braine-l'Alleud,1420,Belgien,+32 24 477 694 40,jade.lambert@email.be
CLI078,Jacques,Lemaire,96 Straße Neuve,Wemmel,1780,Belgien,+32 45 132 998 76,jacques.lemaire@email.be
CLI079,Fabien,Mertens,99 Straße de l'Église,Kraainem,1950,Belgien,+32 86 254 253 88,fabien.mertens@email.be
CLI080,Victor,Dupuis,121 Allee Louise,Seraing,4100,Belgien,+32 71 940 431 50,victor.dupuis@email.be
CLI081,Hugo,Vincent,86 Straße des Sports,Dilbeek,1700,Belgien,+32 95 698 823 47,hugo.vincent@email.be
CLI082,Gabriel,Verhoeven,91 Straße du Parc,Waterloo,1410,Belgien,+32 53 773 828 67,gabriel.verhoeven@email.be
CLI083,Inès,Verhoeven,22 Straße du Commerce,Herne,1540,Belgien,+32 77 344 832 57,inès.verhoeven@email.be
CLI084,Lina,Bertrand,120 Allee de la Reine,Bruges,8000,Belgien,+32 77 332 727 22,lina.bertrand@email.be
CLI085,Philippe,Desmet,99 Boulevard du Midi,Gilly,6060,Belgien,+32 60 387 886 92,philippe.desmet@email.be
CLI086,Noah,Lemaître,127 Allee Louise,Anderlecht,1070,Belgien,+32 25 585 715 34,noah.lemaître@email.be
CLI087,Noé,Martin,83 Straße de l'Étuve,Hasselt,3500,Belgien,+32 69 975 595 68,noé.martin@email.be
CLI088,François,Durand,46 Chaussee de Mons,Saint-Josse-ten-Noode,1210,Belgien,+32 47 683 229 51,françois.durand@email.be
CLI089,Alice,Leclercq,7 Allee Louise,Jette,1090,Belgien,+32 93 979 820 44,alice.leclercq@email.be
CLI090,Lena,Janssens,1 Straße Principale,Jette,1090,Belgien,+32 94 676 649 38,lena.janssens@email.be
CLI091,Tom,Cools,11 Straße de la Fontaine,Gilly,6060,Belgien,+32 37 192 274 12,tom.cools@email.be
CLI092,Grégory,Guillaume,73 Boulevard Industriel,Kraainem,1950,Belgien,+32 39 764 913 71,grégory.guillaume@email.be
CLI093,Louise,Lambert,146 Straße de la Victoire,Bruxelles,1000,Belgien,+32 76 609 109 67,louise.lambert@email.be
CLI094,Thomas,Lefranc,88 Boulevard Léopold,Hermée,4680,Belgien,+32 32 160 711 69,thomas.lefranc@email.be
CLI095,Henri,Charlier,88 Boulevard du Midi,Bruges,8000,Belgien,+32 15 756 968 50,henri.charlier@email.be
CLI096,Manon,Goossens,78 Straße du Marché aux Herbes,Ixelles,1050,Belgien,+32 32 614 657 16,manon.goossens@email.be
CLI097,Noé,Van den Berg,58 Straße des Écoles,Zaventem,1930,Belgien,+32 43 585 305 71,noé.van den berg@email.be
CLI098,Grégory,Lefranc,89 Chaussee de Mons,Huy,4500,Belgien,+32 88 623 991 12,grégory.lefranc@email.be
CLI099,Stéphane,Girard,39 Allee du Centre,Mons,7000,Belgien,+32 97 240 344 62,stéphane.girard@email.be
CLI100,Elena,De Smet,133 Platz du Marché,Anvers,2000,Belgien,+32 62 633 884 15,elena.de smet@email.be
CLI101,Jules,Willems,39 Platz du Marché,Ostende,8400,Belgien,+32 64 563 394 11,jules.willems@email.be
CLI102,Noé,Michel,116 Allee des Arts,Overijse,3090,Belgien,+32 39 575 422 95,noé.michel@email.be
CLI103,Inès,Simon,48 Straße Neuve,Schaerbeek,1030,Belgien,+32 19 435 581 80,inès.simon@email.be
CLI104,Nathan,Leroy,118 Boulevard Anspach,Gand,9000,Belgien,+32 93 688 614 18,nathan.leroy@email.be
CLI105,Noah,François,108 Chaussee de Mons,Libramont,6800,Belgien,+32 12 424 821 69,noah.françois@email.be
CLI106,Cédric,Wouters,1 Platz du Grand Sablon,Schaerbeek,1030,Belgien,+32 87 448 849 49,cédric.wouters@email.be
CLI107,Antoine,Cools,6 Straße des Écoles,Wemmel,1780,Belgien,+32 43 772 976 19,antoine.cools@email.be
CLI108,Stéphane,Bernard,27 Straße de la Paix,Saint-Nicolas,9100,Belgien,+32 42 757 616 59,stéphane.bernard@email.be
CLI109,Noah,Willems,122 Boulevard Industriel,Saint-Servais,5002,Belgien,+32 76 792 419 57,noah.willems@email.be
CLI110,Jules,Lemaire,141 Straße de la Victoire,Mechelen,2800,Belgien,+32 78 453 262 12,jules.lemaire@email.be
CLI111,Mila,Durand,108 Boulevard Industriel,Saint-Servais,5002,Belgien,+32 88 173 267 51,mila.durand@email.be
CLI112,Charlotte,Pieters,85 Allee des Nations,Tournai,7500,Belgien,+32 94 927 292 63,charlotte.pieters@email.be
CLI113,David,Segers,122 Boulevard Industriel,Overijse,3090,Belgien,+32 17 205 598 81,david.segers@email.be
CLI114,Fabien,Baert,12 Chaussee de Mons,Schaerbeek,1030,Belgien,+32 14 520 343 29,fabien.baert@email.be
CLI115,Benoît,Peeters,116 Straße du Commerce,Schaerbeek,1030,Belgien,+32 39 750 403 43,benoît.peeters@email.be
CLI116,Charlotte,Pieters,96 Allee de Tervuren,Hermée,4680,Belgien,+32 13 700 401 43,charlotte.pieters@email.be
CLI117,Lina,Peeters,3 Chaussee de Mons,Ciney,5590,Belgien,+32 48 184 377 67,lina.peeters@email.be
CLI118,Elena,Guillaume,118 Straße des Artisans,Bruxelles,1000,Belgien,+32 10 535 349 93,elena.guillaume@email.be
CLI119,Philippe,Thys,21 Allee de Tervuren,Zemst,1980,Belgien,+32 75 915 443 83,philippe.thys@email.be
CLI120,Charlotte,Lefranc,107 Boulevard Anspach,Huy,4500,Belgien,+32 81 605 433 57,charlotte.lefranc@email.be
CLI121,Lina,Lemaître,139 Allee de la Liberté,Uccle,1180,Belgien,+32 12 584 851 55,lina.lemaître@email.be
CLI122,Victor,Goossens,30 Straße du Pont,Forest,1190,Belgien,+32 80 464 254 41,victor.goossens@email.be
CLI123,Henri,De Smet,132 Platz du Grand Sablon,Kampenhout,1910,Belgien,+32 89 314 512 95,henri.de smet@email.be
CLI124,Christophe,Guillaume,33 Allee de Tervuren,Braine-l'Alleud,1420,Belgien,+32 24 557 762 27,christophe.guillaume@email.be
CLI125,Chloé,Verhoeven,95 Platz du Grand Sablon,Gilly,6060,Belgien,+32 26 571 658 90,chloé.verhoeven@email.be
CLI126,Jeanne,Lefranc,123 Straße de l'Église,Halle,1500,Belgien,+32 25 440 806 24,jeanne.lefranc@email.be
CLI127,Paul,Devos,135 Straße de l'Église,Saint-Nicolas,9100,Belgien,+32 61 968 131 25,paul.devos@email.be
CLI128,Raphaël,Lefebvre,20 Allee de Tervuren,Uccle,1180,Belgien,+32 89 956 351 84,raphaël.lefebvre@email.be
CLI129,Julia,Van den Berg,80 Straße des Bouchers,Anvers,2000,Belgien,+32 75 365 541 18,julia.van den berg@email.be
CLI130,Hugo,Pieters,134 Straße de l'Étuve,Herne,1540,Belgien,+32 11 320 680 90,hugo.pieters@email.be
CLI131,Jeanne,Vermeulen,18 Straße du Marché aux Herbes,Ostende,8400,Belgien,+32 41 136 807 52,jeanne.vermeulen@email.be
CLI132,Lina,Bertrand,48 Platz du Marché,Evere,1140,Belgien,+32 11 460 452 23,lina.bertrand@email.be
CLI133,Théo,Vincent,17 Allee de Tervuren,Zaventem,1930,Belgien,+32 78 985 247 75,théo.vincent@email.be
CLI134,Fabien,Declercq,136 Allee du Centre,Bressoux,4020,Belgien,+32 86 232 753 34,fabien.declercq@email.be
CLI135,Tom,Bernard,37 Allee de Tervuren,Marche-en-Famenne,6900,Belgien,+32 32 460 307 68,tom.bernard@email.be
CLI136,Fabien,Vincent,53 Straße des Écoles,Watermael-Boitsfort,1170,Belgien,+32 10 591 369 37,fabien.vincent@email.be
CLI137,Christophe,Lemaître,116 Straße Antoine Dansaert,Rebecq,1430,Belgien,+32 63 913 826 77,christophe.lemaître@email.be
CLI138,Lina,De Smet,26 Straße des Artisans,Zaventem,1930,Belgien,+32 62 774 907 79,lina.de smet@email.be
CLI139,Mohamed,Baert,48 Boulevard du Midi,Kampenhout,1910,Belgien,+32 56 740 917 74,mohamed.baert@email.be
CLI140,Grégory,Guillaume,1 Straße de Rollebeek,Uccle,1180,Belgien,+32 76 838 154 50,grégory.guillaume@email.be
CLI141,David,Mercier,105 Straße des Sports,Saint-Josse-ten-Noode,1210,Belgien,+32 89 491 847 32,david.mercier@email.be
CLI142,Antoine,Maes,25 Allee du Centre,Gosselies,6041,Belgien,+32 25 798 880 58,antoine.maes@email.be
CLI143,Damien,Maes,145 Straße de l'Étuve,Gosselies,6041,Belgien,+32 56 271 213 60,damien.maes@email.be
CLI144,Elena,Dupuis,54 Boulevard Industriel,La Louvière,7100,Belgien,+32 78 341 218 42,elena.dupuis@email.be
CLI145,Grégory,Smet,21 Straße de la Station,Ciney,5590,Belgien,+32 43 955 137 69,grégory.smet@email.be
CLI146,Jules,Bernard,69 Allee des Nations,Saint-Nicolas,9100,Belgien,+32 44 264 825 77,jules.bernard@email.be
CLI147,Manon,Van Damme,72 Straße des Écoles,Gosselies,6041,Belgien,+32 95 878 946 95,manon.van damme@email.be
CLI148,Nathan,Van Damme,108 Straße de la Loi,Huy,4500,Belgien,+32 88 130 341 16,nathan.van damme@email.be
CLI149,Ethan,Thys,141 Platz du Grand Sablon,Ostende,8400,Belgien,+32 13 838 225 92,ethan.thys@email.be
CLI150,Gabriel,Leroy,139 Chaussee de Waterloo,Marche-en-Famenne,6900,Belgien,+32 45 345 303 93,gabriel.leroy@email.be
CLI151,Jules,Moreau,90 Boulevard Industriel,Genk,3600,Belgien,+32 79 260 273 46,jules.moreau@email.be
CLI152,Nina,Martin,69 Chaussee de Waterloo,Auderghem,1160,Belgien,+32 41 642 327 11,nina.martin@email.be
CLI153,Damien,Moreau,110 Straße du Moulin,Ixelles,1050,Belgien,+32 29 166 316 29,damien.moreau@email.be
CLI154,Liam,Dubois,73 Straße de l'Étuve,Ostende,8400,Belgien,+32 50 883 346 38,liam.dubois@email.be
CLI155,Anna,Leroy,47 Allee des Champs,Halle,1500,Belgien,+32 29 686 170 37,anna.leroy@email.be
CLI156,Hugo,Lefranc,63 Straße Haute,Uccle,1180,Belgien,+32 77 632 564 64,hugo.lefranc@email.be
CLI157,Hugo,Devos,68 Straße de Rollebeek,Marche-en-Famenne,6900,Belgien,+32 36 926 407 83,hugo.devos@email.be
CLI158,Adam,Leclercq,145 Straße de l'Église,Ittre,1460,Belgien,+32 12 247 545 33,adam.leclercq@email.be
CLI159,Louise,Declercq,46 Allee de Tervuren,Grimbergen,1850,Belgien,+32 43 264 257 86,louise.declercq@email.be
CLI160,Hugo,Mercier,148 Platz du Grand Sablon,Kampenhout,1910,Belgien,+32 73 475 767 98,hugo.mercier@email.be
CLI161,Raphaël,Claes,123 Platz Sainte-Catherine,Libramont,6800,Belgien,+32 17 356 590 51,raphaël.claes@email.be
CLI162,Damien,Guillaume,75 Boulevard du Midi,Zemst,1980,Belgien,+32 53 518 871 53,damien.guillaume@email.be
CLI163,François,Guillaume,133 Straße de l'Église,Courtrai,8500,Belgien,+32 69 911 133 12,françois.guillaume@email.be
CLI164,Liam,Rousseau,100 Straße de la Croix,Auderghem,1160,Belgien,+32 25 141 987 87,liam.rousseau@email.be
CLI165,Léa,Willems,108 Allee des Champs,Halle,1500,Belgien,+32 22 289 735 83,léa.willems@email.be
CLI166,Emma,Declercq,97 Allee des Arts,Evere,1140,Belgien,+32 68 930 909 30,emma.declercq@email.be
CLI167,Stéphane,Declercq,49 Straße de la Paix,Namur,5000,Belgien,+32 98 174 574 20,stéphane.declercq@email.be
CLI168,Lena,Mertens,56 Boulevard Industriel,Ostende,8400,Belgien,+32 99 501 331 50,lena.mertens@email.be
CLI169,Nathan,Declercq,136 Straße de Flandre,Waterloo,1410,Belgien,+32 69 224 829 96,nathan.declercq@email.be
CLI170,Louis,Dupuis,82 Straße des Artisans,Woluwe-Saint-Lambert,1200,Belgien,+32 78 402 388 18,louis.dupuis@email.be
CLI171,Anna,Maes,143 Straße de la Fontaine,Grimbergen,1850,Belgien,+32 14 414 396 83,anna.maes@email.be
CLI172,Tom,Leclercq,51 Straße de la Paix,La Louvière,7100,Belgien,+32 27 339 107 25,tom.leclercq@email.be
CLI173,Nicolas,Vincent,76 Allee de Tervuren,Drogenbos,1620,Belgien,+32 21 290 386 86,nicolas.vincent@email.be
CLI174,Philippe,Durand,18 Allee du Centre,Seraing,4100,Belgien,+32 94 325 305 83,philippe.durand@email.be
CLI175,Charlotte,Dupont,54 Boulevard Industriel,Drogenbos,1620,Belgien,+32 75 699 225 93,charlotte.dupont@email.be
CLI176,Anna,Charlier,62 Straße de la Gare,Bressoux,4020,Belgien,+32 17 608 402 87,anna.charlier@email.be
CLI177,Paul,Desmet,110 Straße de l'Église,Woluwe-Saint-Pierre,1150,Belgien,+32 19 924 552 67,paul.desmet@email.be
CLI178,Fabien,Charlier,96 Boulevard Anspach,Tervuren,3080,Belgien,+32 14 727 753 75,fabien.charlier@email.be
CLI179,Cédric,Simon,88 Platz Sainte-Catherine,Schaerbeek,1030,Belgien,+32 17 107 801 26,cédric.simon@email.be
CLI180,Noé,Baert,115 Platz Sainte-Catherine,Roulers,8800,Belgien,+32 19 194 268 99,noé.baert@email.be
CLI181,Inès,Devos,38 Straße Neuve,Arlon,6700,Belgien,+32 12 999 934 39,inès.devos@email.be
CLI182,Cédric,André,29 Straße Haute,Evere,1140,Belgien,+32 17 513 112 88,cédric.andré@email.be
CLI183,François,Girard,87 Boulevard Anspach,Halle,1500,Belgien,+32 60 963 228 46,françois.girard@email.be
CLI184,Noé,Lemaître,113 Straße Haute,Saint-Servais,5002,Belgien,+32 68 190 940 86,noé.lemaître@email.be
CLI185,Julia,Dupuis,72 Allee de la Liberté,Rebecq,1430,Belgien,+32 19 700 554 92,julia.dupuis@email.be
CLI186,Éric,Mertens,18 Boulevard Léopold,Woluwe-Saint-Pierre,1150,Belgien,+32 96 268 785 46,éric.mertens@email.be
CLI187,Victor,Mertens,4 Straße du Moulin,Gilly,6060,Belgien,+32 97 246 659 95,victor.mertens@email.be
CLI188,Raphaël,Muller,61 Straße Principale,Gand,9000,Belgien,+32 35 948 172 73,raphaël.muller@email.be
CLI189,Louis,Thys,89 Allee Louise,Huy,4500,Belgien,+32 59 874 637 91,louis.thys@email.be
CLI190,Arthur,Maes,74 Boulevard Anspach,Kraainem,1950,Belgien,+32 50 297 110 91,arthur.maes@email.be
CLI191,Olivier,Maes,123 Chaussee de Mons,Rhode-Saint-Genèse,1640,Belgien,+32 22 186 346 37,olivier.maes@email.be
CLI192,Zoé,Cools,137 Allee des Champs,Schaerbeek,1030,Belgien,+32 53 149 494 46,zoé.cools@email.be
CLI193,Gabriel,Dubois,104 Allee de la Liberté,Nivelles,1400,Belgien,+32 72 779 524 36,gabriel.dubois@email.be
CLI194,Jeanne,Mercier,9 Allee du Centre,Rhode-Saint-Genèse,1640,Belgien,+32 47 988 866 47,jeanne.mercier@email.be
CLI195,Manon,Wouters,93 Straße Principale,Ans,4430,Belgien,+32 80 274 803 28,manon.wouters@email.be
CLI196,David,Baert,6 Straße de la Station,Louvain-la-Neuve,1348,Belgien,+32 40 437 277 56,david.baert@email.be
CLI197,Victor,Rousseau,47 Boulevard Anspach,Kampenhout,1910,Belgien,+32 40 814 369 89,victor.rousseau@email.be
CLI198,Camille,Laurent,144 Platz du Grand Sablon,Louvain,3000,Belgien,+32 16 791 868 57,camille.laurent@email.be
CLI199,Chloé,Dubois,72 Boulevard Léopold,Rebecq,1430,Belgien,+32 99 173 430 42,chloé.dubois@email.be
CLI200,Noé,Pieters,116 Allee des Champs,Kampenhout,1910,Belgien,+32 84 894 811 91,noé.pieters@email.be
CLI201,Maxime,Claes,17 Allee de la Liberté,Evere,1140,Belgien,+32 96 662 891 96,maxime.claes@email.be
CLI202,Théo,Mercier,50 Straße Antoine Dansaert,Wavre,1300,Belgien,+32 40 352 735 40,théo.mercier@email.be
CLI203,Nathan,Vincent,34 Straße de la Croix,Anvers,2000,Belgien,+32 15 548 881 87,nathan.vincent@email.be
CLI204,Anna,Pieters,74 Boulevard Anspach,Braine-l'Alleud,1420,Belgien,+32 22 424 228 21,anna.pieters@email.be
CLI205,Lina,Segers,97 Allee du Centre,Saint-Josse-ten-Noode,1210,Belgien,+32 59 399 195 61,lina.segers@email.be
CLI206,Henri,Cools,40 Allee du Centre,Gosselies,6041,Belgien,+32 27 144 480 67,henri.cools@email.be
CLI207,Jules,Van Damme,69 Allee des Nations,Seraing,4100,Belgien,+32 89 161 372 63,jules.van damme@email.be
CLI208,Fabien,Guillaume,122 Straße Principale,Arlon,6700,Belgien,+32 28 460 351 76,fabien.guillaume@email.be
CLI209,Sébastien,Van Damme,133 Boulevard Léopold,Zaventem,1930,Belgien,+32 26 737 854 87,sébastien.van damme@email.be
CLI210,Louise,Michel,16 Straße des Artisans,Liège,4000,Belgien,+32 82 451 282 55,louise.michel@email.be
CLI211,Tom,Van Damme,134 Platz Sainte-Catherine,Forest,1190,Belgien,+32 52 153 963 45,tom.van damme@email.be
CLI212,Théo,Thys,14 Straße du Moulin,Wemmel,1780,Belgien,+32 13 969 428 78,théo.thys@email.be
CLI213,Jeanne,Declercq,140 Platz Sainte-Catherine,Arlon,6700,Belgien,+32 72 356 776 91,jeanne.declercq@email.be
CLI214,François,Charlier,64 Allee du Centre,Woluwe-Saint-Lambert,1200,Belgien,+32 75 930 904 39,françois.charlier@email.be
CLI215,Thomas,Smet,36 Straße des Artisans,Ixelles,1050,Belgien,+32 63 615 470 26,thomas.smet@email.be
CLI216,Jacques,Mertens,136 Straße Principale,Bruges,8000,Belgien,+32 77 332 439 83,jacques.mertens@email.be
CLI217,Anna,Lefranc,108 Straße de la Loi,Ostende,8400,Belgien,+32 70 628 961 17,anna.lefranc@email.be
CLI218,Victor,Muller,127 Allee de la Liberté,Evere,1140,Belgien,+32 32 864 914 91,victor.muller@email.be
CLI219,Mohamed,Leroy,38 Straße de la Croix,Tervuren,3080,Belgien,+32 72 556 312 59,mohamed.leroy@email.be
CLI220,Grégory,Guillaume,3 Straße des Artisans,Herne,1540,Belgien,+32 64 443 781 35,grégory.guillaume@email.be
CLI221,Jeanne,Dupont,77 Allee du Centre,Zemst,1980,Belgien,+32 32 885 949 67,jeanne.dupont@email.be
CLI222,Camille,Dubois,88 Straße de la Fontaine,Ostende,8400,Belgien,+32 74 453 162 36,camille.dubois@email.be
CLI223,Mila,Dupont,132 Boulevard Anspach,Hoeilaart,1560,Belgien,+32 12 444 685 73,mila.dupont@email.be
CLI224,Liam,Bernard,57 Straße de la Loi,Tervuren,3080,Belgien,+32 83 243 934 13,liam.bernard@email.be
CLI225,Léa,Maes,116 Boulevard Léopold,Herne,1540,Belgien,+32 78 204 317 65,léa.maes@email.be
CLI226,Anna,Van Damme,53 Allee du Centre,Ans,4430,Belgien,+32 98 751 427 14,anna.van damme@email.be
CLI227,Lucas,François,60 Straße de Flandre,Bruges,8000,Belgien,+32 78 328 540 94,lucas.françois@email.be
CLI228,Philippe,Declercq,11 Straße de la Station,Louvain,3000,Belgien,+32 94 277 219 24,philippe.declercq@email.be
CLI229,Jeanne,Segers,98 Chaussee de Mons,Auderghem,1160,Belgien,+32 85 580 205 48,jeanne.segers@email.be
CLI230,Jeanne,Goossens,1 Allee du Centre,Louvain,3000,Belgien,+32 89 817 348 56,jeanne.goossens@email.be
CLI231,Henri,Rousseau,121 Straße de l'Étuve,Evere,1140,Belgien,+32 16 406 981 46,henri.rousseau@email.be
CLI232,Gabriel,Smet,93 Allee du Centre,Marche-en-Famenne,6900,Belgien,+32 75 945 626 98,gabriel.smet@email.be
CLI233,Arthur,Girard,149 Straße du Parc,Drogenbos,1620,Belgien,+32 33 617 329 36,arthur.girard@email.be
CLI234,Léa,Charlier,98 Allee des Arts,Wavre,1300,Belgien,+32 24 551 981 77,léa.charlier@email.be
CLI235,Jade,Rousseau,119 Allee des Arts,Hermée,4680,Belgien,+32 60 721 200 90,jade.rousseau@email.be
CLI236,Lena,Segers,110 Straße de la Station,Herne,1540,Belgien,+32 86 865 934 79,lena.segers@email.be
CLI237,Olivier,Claes,20 Straße de la Fontaine,Rebecq,1430,Belgien,+32 95 806 193 13,olivier.claes@email.be
CLI238,Nina,Goossens,66 Allee de la Reine,Bruges,8000,Belgien,+32 20 441 894 27,nina.goossens@email.be
CLI239,Julia,Moreau,74 Straße de la Victoire,Bressoux,4020,Belgien,+32 47 496 367 33,julia.moreau@email.be
CLI240,Léa,François,84 Allee de Tervuren,Rhode-Saint-Genèse,1640,Belgien,+32 81 310 529 27,léa.françois@email.be
