ID,Nom,Secteur,SecteurCode,Adresse,CodePostal,Ville,Pays,Telephone,Email,TVA,IBAN,BIC,LogoPath
SOC001,AutoPro Service,Automotive,automotive,25 Street du Commerce,1000,Brussels,Belgium,+32 562 316 57 44,contact@autopro-service.be,BE0242143461,BE77 8393 6636 6119,BBRUBEBB,assets/logos/societe_soc001.svg
SOC002,Garage Central,Automotive,automotive,39 Avenue de la Liberté,2000,Antwerp,Belgium,+32 417 930 76 52,contact@garage-central.be,BE0638570883,BE20 1522 8356 4518,GEBABEBB,assets/logos/societe_soc002.svg
SOC003,Mécanique Rapide,Automotive,automotive,47 Boulevard Industriel,9000,Ghent,Belgium,+32 302 814 77 90,contact@mcanique-rapide.be,BE0374229579,BE18 2834 1725 5832,GEBABEBB,assets/logos/societe_soc003.svg
SOC004,Carrosserie Pro,Automotive,automotive,34 Square du Marché,4000,Liege,Belgium,+32 317 709 35 59,contact@carrosserie-pro.be,BE0919873051,BE36 7491 3160 7640,GKCCBEBB,assets/logos/societe_soc004.svg
SOC005,Pneus Express,Automotive,automotive,92 Street des Artisans,5000,Namur,Belgium,+32 227 899 95 75,contact@pneus-express.be,BE0785320330,BE90 3864 1263 7779,GKCCBEBB,assets/logos/societe_soc005.svg
SOC006,Moto & Scooter,Automotive,automotive,29 Highway de Mons,6000,Charleroi,Belgium,+32 458 123 68 75,contact@moto--scooter.be,BE0232456370,BE27 8556 6552 1237,GEBABEBB,assets/logos/societe_soc006.svg
SOC007,Boulangerie Dupont,Bakery,bakery,8 Street du Commerce,1000,Brussels,Belgium,+32 908 519 82 70,contact@boulangerie-dupont.be,BE0776405277,BE54 6278 6096 7577,BBRUBEBB,assets/logos/societe_soc007.svg
SOC008,Pâtisserie Martin,Bakery,bakery,93 Avenue de la Liberté,2000,Antwerp,Belgium,+32 475 780 96 78,contact@ptisserie-martin.be,BE0481160387,BE96 8676 8297 9118,GEBABEBB,assets/logos/societe_soc008.svg
SOC009,Pain d'Or,Bakery,bakery,141 Boulevard Industriel,9000,Ghent,Belgium,+32 457 524 14 78,contact@pain-dor.be,BE0366328369,BE24 4722 4336 8028,GKCCBEBB,assets/logos/societe_soc009.svg
SOC010,Fournil Moderne,Bakery,bakery,81 Square du Marché,8000,Bruges,Belgium,+32 216 484 92 66,contact@fournil-moderne.be,BE0276394389,BE60 6173 7133 8940,GKCCBEBB,assets/logos/societe_soc010.svg
SOC011,Pâtisserie Centrale,Bakery,bakery,8 Street des Artisans,4000,Liege,Belgium,+32 588 473 55 51,contact@ptisserie-centrale.be,BE0943344989,BE76 1478 3896 1337,GEBABEBB,assets/logos/societe_soc011.svg
SOC012,Boulange & Co,Bakery,bakery,42 Highway de Mons,5000,Namur,Belgium,+32 842 907 12 91,contact@boulange--co.be,BE0105557534,BE47 8824 3608 7842,GKCCBEBB,assets/logos/societe_soc012.svg
SOC013,Menuiserie Bois,Carpentry,carpentry,39 Street du Commerce,7000,Mons,Belgium,+32 387 162 43 68,contact@menuiserie-bois.be,BE0601648406,BE45 9556 8059 9970,BBRUBEBB,assets/logos/societe_soc013.svg
SOC014,Ébénisterie Art,Carpentry,carpentry,29 Avenue de la Liberté,7500,Tournai,Belgium,+32 208 516 33 26,contact@bnisterie-art.be,BE0718435125,BE25 6782 3382 7100,BBRUBEBB,assets/logos/societe_soc014.svg
SOC015,Charpente Pro,Carpentry,carpentry,27 Boulevard Industriel,4800,Verviers,Belgium,+32 660 415 44 43,contact@charpente-pro.be,BE0754391128,BE82 7561 6384 6724,GEBABEBB,assets/logos/societe_soc015.svg
SOC016,Bois & Déco,Carpentry,carpentry,137 Square du Marché,8500,Kortrijk,Belgium,+32 572 716 50 28,contact@bois--dco.be,BE0580146617,BE27 3657 5733 8838,BBRUBEBB,assets/logos/societe_soc016.svg
SOC017,Menuiserie Moderne,Carpentry,carpentry,150 Street des Artisans,8400,Ostend,Belgium,+32 951 892 58 36,contact@menuiserie-moderne.be,BE0318918310,BE65 8149 4915 1673,GKCCBEBB,assets/logos/societe_soc017.svg
SOC018,Atelier du Bois,Carpentry,carpentry,30 Highway de Mons,3000,Leuven,Belgium,+32 578 557 62 89,contact@atelier-du-bois.be,BE0317676219,BE36 2930 6764 9119,GKCCBEBB,assets/logos/societe_soc018.svg
SOC019,NetPro Services,Cleaning,cleaning,90 Street du Commerce,1000,Brussels,Belgium,+32 663 745 69 61,contact@netpro-services.be,BE0843259803,BE28 9441 8485 6504,BBRUBEBB,assets/logos/societe_soc019.svg
SOC020,Clean Express,Cleaning,cleaning,71 Avenue de la Liberté,2000,Antwerp,Belgium,+32 143 345 89 99,contact@clean-express.be,BE0922830807,BE63 6073 6853 4867,GKCCBEBB,assets/logos/societe_soc020.svg
SOC021,Propreté Plus,Cleaning,cleaning,139 Boulevard Industriel,9000,Ghent,Belgium,+32 588 238 67 52,contact@propret-plus.be,BE0485391194,BE47 6873 5578 4132,GKCCBEBB,assets/logos/societe_soc021.svg
SOC022,Ménage Pro,Cleaning,cleaning,141 Square du Marché,4000,Liege,Belgium,+32 664 476 95 70,contact@mnage-pro.be,BE0164960561,BE78 2047 9870 8850,GKCCBEBB,assets/logos/societe_soc022.svg
SOC023,Nettoyage 2000,Cleaning,cleaning,43 Street des Artisans,5000,Namur,Belgium,+32 716 893 60 20,contact@nettoyage-2000.be,BE0735332298,BE34 3548 4828 7188,BBRUBEBB,assets/logos/societe_soc023.svg
SOC024,Éclat & Propreté,Cleaning,cleaning,28 Highway de Mons,6000,Charleroi,Belgium,+32 362 895 58 87,contact@clat--propret.be,BE0296707833,BE83 3613 7473 9731,BBRUBEBB,assets/logos/societe_soc024.svg
SOC025,Bâtisseurs Pro,Construction,construction,72 Street du Commerce,7000,Mons,Belgium,+32 961 590 87 30,contact@btisseurs-pro.be,BE0790077046,BE20 3236 6128 6853,GEBABEBB,assets/logos/societe_soc025.svg
SOC026,Construction Moderne,Construction,construction,122 Avenue de la Liberté,6000,Charleroi,Belgium,+32 536 116 82 31,contact@construction-moderne.be,BE0173105229,BE49 6082 1192 6136,GEBABEBB,assets/logos/societe_soc026.svg
SOC027,Maçonnerie Centrale,Construction,construction,102 Boulevard Industriel,7500,Tournai,Belgium,+32 627 645 84 37,contact@maonnerie-centrale.be,BE0418557754,BE43 3273 7020 1905,BBRUBEBB,assets/logos/societe_soc027.svg
SOC028,Béton Armé,Construction,construction,83 Square du Marché,4800,Verviers,Belgium,+32 166 387 22 39,contact@bton-arm.be,BE0601463426,BE19 1138 1083 8496,GKCCBEBB,assets/logos/societe_soc028.svg
SOC029,Gros Œuvre,Construction,construction,71 Street des Artisans,8500,Kortrijk,Belgium,+32 636 243 42 95,contact@gros-uvre.be,BE0380611724,BE95 5882 9470 6066,BBRUBEBB,assets/logos/societe_soc029.svg
SOC030,BTP Services,Construction,construction,115 Highway de Mons,8400,Ostend,Belgium,+32 802 883 71 56,contact@btp-services.be,BE0757240391,BE78 7220 9191 7950,GEBABEBB,assets/logos/societe_soc030.svg
SOC031,Conseil & Stratégie,Consulting,consulting,62 Street du Commerce,1000,Brussels,Belgium,+32 730 790 47 49,contact@conseil--stratgie.be,BE0621438773,BE93 9423 1273 9367,GKCCBEBB,assets/logos/societe_soc031.svg
SOC032,Expertise Pro,Consulting,consulting,75 Avenue de la Liberté,2000,Antwerp,Belgium,+32 361 649 80 48,contact@expertise-pro.be,BE0850266234,BE72 1153 6515 2058,BBRUBEBB,assets/logos/societe_soc032.svg
SOC033,Consulting Plus,Consulting,consulting,11 Boulevard Industriel,9000,Ghent,Belgium,+32 985 459 55 52,contact@consulting-plus.be,BE0716982873,BE63 4323 9382 8098,GKCCBEBB,assets/logos/societe_soc033.svg
SOC034,Audit & Conseil,Consulting,consulting,81 Square du Marché,4000,Liege,Belgium,+32 813 390 12 98,contact@audit--conseil.be,BE0980989913,BE18 7219 2911 4958,GKCCBEBB,assets/logos/societe_soc034.svg
SOC035,Solutions Pro,Consulting,consulting,14 Street des Artisans,5000,Namur,Belgium,+32 177 617 78 15,contact@solutions-pro.be,BE0257449024,BE39 6724 6344 6230,GKCCBEBB,assets/logos/societe_soc035.svg
SOC036,Cabinet Conseil,Consulting,consulting,145 Highway de Mons,3000,Leuven,Belgium,+32 256 658 63 98,contact@cabinet-conseil.be,BE0448919542,BE90 5500 6072 7127,GEBABEBB,assets/logos/societe_soc036.svg
SOC037,ÉlecPro,Electrical,electrician,143 Street du Commerce,1000,Brussels,Belgium,+32 925 556 14 65,contact@lecpro.be,BE0586870264,BE23 8147 3320 6960,BBRUBEBB,assets/logos/societe_soc037.svg
SOC038,Courant Fort,Electrical,electrician,27 Avenue de la Liberté,2000,Antwerp,Belgium,+32 521 744 31 80,contact@courant-fort.be,BE0295789981,BE34 1156 7265 5535,GEBABEBB,assets/logos/societe_soc038.svg
SOC039,Installations Élec,Electrical,electrician,89 Boulevard Industriel,9000,Ghent,Belgium,+32 802 896 85 47,contact@installations-lec.be,BE0130005488,BE73 4562 2546 1173,BBRUBEBB,assets/logos/societe_soc039.svg
SOC040,Électricité Générale,Electrical,electrician,53 Square du Marché,4000,Liege,Belgium,+32 928 660 87 45,contact@lectricit-gnrale.be,BE0980715726,BE60 6408 1015 9320,GKCCBEBB,assets/logos/societe_soc040.svg
SOC041,High Volt,Electrical,electrician,84 Street des Artisans,5000,Namur,Belgium,+32 580 822 79 96,contact@high-volt.be,BE0390792389,BE90 7904 2483 2641,GEBABEBB,assets/logos/societe_soc041.svg
SOC042,Éclairage Pro,Electrical,electrician,79 Highway de Mons,6000,Charleroi,Belgium,+32 673 899 76 66,contact@clairage-pro.be,BE0586196131,BE89 6975 3375 1694,GEBABEBB,assets/logos/societe_soc042.svg
SOC043,Gym Club,Fitness/Santé,fitness,87 Street du Commerce,1000,Brussels,Belgium,+32 542 971 33 96,contact@gym-club.be,BE0654667434,BE96 1914 4087 7664,GKCCBEBB,assets/logos/societe_soc043.svg
SOC044,Fitness Center,Fitness/Santé,fitness,143 Avenue de la Liberté,2000,Antwerp,Belgium,+32 253 965 47 60,contact@fitness-center.be,BE0908865874,BE80 5067 5267 3759,GEBABEBB,assets/logos/societe_soc044.svg
SOC045,Musculation Pro,Fitness/Santé,fitness,76 Boulevard Industriel,9000,Ghent,Belgium,+32 832 424 72 10,contact@musculation-pro.be,BE0390946600,BE50 5120 9623 1529,GKCCBEBB,assets/logos/societe_soc045.svg
SOC046,Sport & Santé,Fitness/Santé,fitness,7 Square du Marché,4000,Liege,Belgium,+32 287 812 16 15,contact@sport--sant.be,BE0506778935,BE48 9387 1560 2641,GEBABEBB,assets/logos/societe_soc046.svg
SOC047,Body Fit,Fitness/Santé,fitness,129 Street des Artisans,5000,Namur,Belgium,+32 808 333 69 57,contact@body-fit.be,BE0914813487,BE60 5198 3703 3512,BBRUBEBB,assets/logos/societe_soc047.svg
SOC048,Athlétique Club,Fitness/Santé,fitness,124 Highway de Mons,8000,Bruges,Belgium,+32 926 513 92 64,contact@athltique-club.be,BE0451279976,BE15 5474 5596 6650,GKCCBEBB,assets/logos/societe_soc048.svg
SOC049,Jardin Pro,Gardening,gardening,141 Street du Commerce,1000,Brussels,Belgium,+32 432 305 96 55,contact@jardin-pro.be,BE0301287742,BE10 7472 1036 1499,BBRUBEBB,assets/logos/societe_soc049.svg
SOC050,Vert & Nature,Gardening,gardening,124 Avenue de la Liberté,2000,Antwerp,Belgium,+32 416 911 73 44,contact@vert--nature.be,BE0725849136,BE22 6418 4750 5240,BBRUBEBB,assets/logos/societe_soc050.svg
SOC051,Paysagiste Plus,Gardening,gardening,87 Boulevard Industriel,9000,Ghent,Belgium,+32 845 452 35 13,contact@paysagiste-plus.be,BE0786511711,BE60 4389 8391 9364,GEBABEBB,assets/logos/societe_soc051.svg
SOC052,Jardinage Express,Gardening,gardening,75 Square du Marché,4000,Liege,Belgium,+32 431 727 13 33,contact@jardinage-express.be,BE0487913855,BE75 3816 4060 4619,GKCCBEBB,assets/logos/societe_soc052.svg
SOC053,Flore & Jardin,Gardening,gardening,145 Street des Artisans,5000,Namur,Belgium,+32 578 966 40 30,contact@flore--jardin.be,BE0933514116,BE49 7639 3542 3401,BBRUBEBB,assets/logos/societe_soc053.svg
SOC054,Espaces Verts,Gardening,gardening,140 Highway de Mons,8400,Ostend,Belgium,+32 408 669 98 43,contact@espaces-verts.be,BE0912589900,BE44 7760 5705 4849,GEBABEBB,assets/logos/societe_soc054.svg
SOC055,Salon Élégance,Hairdressing,hairdressing,29 Street du Commerce,1000,Brussels,Belgium,+32 336 836 85 99,contact@salon-lgance.be,BE0140611608,BE71 8423 6711 5260,GEBABEBB,assets/logos/societe_soc055.svg
SOC056,Coiffure Mode,Hairdressing,hairdressing,30 Avenue de la Liberté,2000,Antwerp,Belgium,+32 465 498 83 10,contact@coiffure-mode.be,BE0215268652,BE40 5970 9413 4260,GKCCBEBB,assets/logos/societe_soc056.svg
SOC057,Hair Pro,Hairdressing,hairdressing,43 Boulevard Industriel,9000,Ghent,Belgium,+32 383 849 52 62,contact@hair-pro.be,BE0257409439,BE81 9753 5168 4006,GEBABEBB,assets/logos/societe_soc057.svg
SOC058,Coupe & Style,Hairdressing,hairdressing,39 Square du Marché,4000,Liege,Belgium,+32 357 592 44 38,contact@coupe--style.be,BE0256531229,BE30 8065 3298 7292,GEBABEBB,assets/logos/societe_soc058.svg
SOC059,Salon Prestige,Hairdressing,hairdressing,86 Street des Artisans,5000,Namur,Belgium,+32 683 355 64 82,contact@salon-prestige.be,BE0613941391,BE61 1077 2232 7113,GEBABEBB,assets/logos/societe_soc059.svg
SOC060,Tendance Coiffure,Hairdressing,hairdressing,25 Highway de Mons,6000,Charleroi,Belgium,+32 725 333 34 47,contact@tendance-coiffure.be,BE0490425076,BE21 6478 5556 4867,GKCCBEBB,assets/logos/societe_soc060.svg
SOC061,Tech Solutions,IT,it,6 Street du Commerce,1000,Brussels,Belgium,+32 180 915 27 68,contact@tech-solutions.be,BE0361811286,BE35 8100 9389 2853,GKCCBEBB,assets/logos/societe_soc061.svg
SOC062,InfoPro,IT,it,64 Avenue de la Liberté,2000,Antwerp,Belgium,+32 562 490 58 70,contact@infopro.be,BE0750128578,BE32 3793 1364 7048,BBRUBEBB,assets/logos/societe_soc062.svg
SOC063,Digital Services,IT,it,100 Boulevard Industriel,9000,Ghent,Belgium,+32 462 920 35 60,contact@digital-services.be,BE0944046744,BE29 8382 7730 7728,GKCCBEBB,assets/logos/societe_soc063.svg
SOC064,Informatique Plus,IT,it,64 Square du Marché,4000,Liege,Belgium,+32 475 717 71 51,contact@informatique-plus.be,BE0370552485,BE98 3629 7396 5320,BBRUBEBB,assets/logos/societe_soc064.svg
SOC065,Tech Center,IT,it,44 Street des Artisans,5000,Namur,Belgium,+32 718 473 27 83,contact@tech-center.be,BE0955983280,BE89 4970 3839 8449,GKCCBEBB,assets/logos/societe_soc065.svg
SOC066,Solutions IT,IT,it,28 Highway de Mons,3000,Leuven,Belgium,+32 486 655 34 69,contact@solutions-it.be,BE0663644490,BE15 5112 9774 7305,GEBABEBB,assets/logos/societe_soc066.svg
SOC067,Photo Studio,Photography,photography,86 Street du Commerce,1000,Brussels,Belgium,+32 843 722 68 57,contact@photo-studio.be,BE0552490759,BE88 9276 9741 2177,GKCCBEBB,assets/logos/societe_soc067.svg
SOC068,Images Pro,Photography,photography,77 Avenue de la Liberté,2000,Antwerp,Belgium,+32 971 669 29 84,contact@images-pro.be,BE0300468947,BE15 8939 4553 9384,GEBABEBB,assets/logos/societe_soc068.svg
SOC069,Pixel Studio,Photography,photography,88 Boulevard Industriel,9000,Ghent,Belgium,+32 822 962 48 44,contact@pixel-studio.be,BE0326188583,BE14 9619 1475 5950,BBRUBEBB,assets/logos/societe_soc069.svg
SOC070,Photographie Art,Photography,photography,55 Square du Marché,4000,Liege,Belgium,+32 763 336 52 80,contact@photographie-art.be,BE0487480538,BE70 2815 6438 5857,GEBABEBB,assets/logos/societe_soc070.svg
SOC071,Flash Pro,Photography,photography,52 Street des Artisans,5000,Namur,Belgium,+32 706 639 23 25,contact@flash-pro.be,BE0666622187,BE62 7456 5392 3708,GKCCBEBB,assets/logos/societe_soc071.svg
SOC072,Studio Lumière,Photography,photography,90 Highway de Mons,8000,Bruges,Belgium,+32 645 105 92 80,contact@studio-lumire.be,BE0247984368,BE52 5440 7884 4094,GEBABEBB,assets/logos/societe_soc072.svg
SOC073,Plomberie Express,Plumbing,plumbing,22 Street du Commerce,1000,Brussels,Belgium,+32 376 258 85 47,contact@plomberie-express.be,BE0612063529,BE69 2098 4995 9997,GKCCBEBB,assets/logos/societe_soc073.svg
SOC074,Robinet Pro,Plumbing,plumbing,63 Avenue de la Liberté,2000,Antwerp,Belgium,+32 574 715 28 67,contact@robinet-pro.be,BE0104907453,BE10 9010 4384 7522,GEBABEBB,assets/logos/societe_soc074.svg
SOC075,Canalisation Plus,Plumbing,plumbing,90 Boulevard Industriel,9000,Ghent,Belgium,+32 362 928 54 44,contact@canalisation-plus.be,BE0447743060,BE15 3450 2538 1233,BBRUBEBB,assets/logos/societe_soc075.svg
SOC076,Eau & Chauffage,Plumbing,plumbing,22 Square du Marché,4000,Liege,Belgium,+32 883 478 73 83,contact@eau--chauffage.be,BE0223478206,BE77 7099 2429 2472,GKCCBEBB,assets/logos/societe_soc076.svg
SOC077,Plomb Pro,Plumbing,plumbing,125 Street des Artisans,5000,Namur,Belgium,+32 932 759 29 62,contact@plomb-pro.be,BE0100271024,BE24 2181 7213 4595,GEBABEBB,assets/logos/societe_soc077.svg
SOC078,Sanitaire Express,Plumbing,plumbing,127 Highway de Mons,6000,Charleroi,Belgium,+32 551 461 60 36,contact@sanitaire-express.be,BE0345233601,BE37 8296 7917 8374,GKCCBEBB,assets/logos/societe_soc078.svg
SOC079,Le Gourmet,Catering,restaurant,124 Street du Commerce,1000,Brussels,Belgium,+32 626 111 82 35,contact@le-gourmet.be,BE0429540243,BE65 5741 9365 9091,GKCCBEBB,assets/logos/societe_soc079.svg
SOC080,Resto Pro,Catering,restaurant,100 Avenue de la Liberté,2000,Antwerp,Belgium,+32 215 306 10 68,contact@resto-pro.be,BE0958910300,BE79 4365 3870 4116,BBRUBEBB,assets/logos/societe_soc080.svg
SOC081,Saveurs & Gourmandises,Catering,restaurant,53 Boulevard Industriel,9000,Ghent,Belgium,+32 214 326 38 54,contact@saveurs--gourmandises.be,BE0855425175,BE20 9352 8452 4722,BBRUBEBB,assets/logos/societe_soc081.svg
SOC082,Brasserie Centrale,Catering,restaurant,69 Square du Marché,4000,Liege,Belgium,+32 670 114 27 80,contact@brasserie-centrale.be,BE0434757784,BE86 1593 7017 7893,GEBABEBB,assets/logos/societe_soc082.svg
SOC083,Café Restaurant,Catering,restaurant,22 Street des Artisans,5000,Namur,Belgium,+32 307 525 20 43,contact@caf-restaurant.be,BE0115954431,BE23 6754 6348 5720,GKCCBEBB,assets/logos/societe_soc083.svg
SOC084,Table & Assiette,Catering,restaurant,106 Highway de Mons,8000,Bruges,Belgium,+32 160 429 47 99,contact@table--assiette.be,BE0263038921,BE59 1547 3512 3056,GKCCBEBB,assets/logos/societe_soc084.svg
SOC085,Magasin Central,Commerce,retail,92 Street du Commerce,1000,Brussels,Belgium,+32 841 564 43 21,contact@magasin-central.be,BE0263239031,BE39 9015 2937 6548,GEBABEBB,assets/logos/societe_soc085.svg
SOC086,Boutique Pro,Commerce,retail,127 Avenue de la Liberté,2000,Antwerp,Belgium,+32 152 429 82 60,contact@boutique-pro.be,BE0549546712,BE67 9121 3969 5622,BBRUBEBB,assets/logos/societe_soc086.svg
SOC087,Commerce Plus,Commerce,retail,119 Boulevard Industriel,9000,Ghent,Belgium,+32 443 478 91 56,contact@commerce-plus.be,BE0614877312,BE62 7363 2943 3670,GKCCBEBB,assets/logos/societe_soc087.svg
SOC088,Store Express,Commerce,retail,124 Square du Marché,4000,Liege,Belgium,+32 902 681 88 93,contact@store-express.be,BE0840873717,BE24 8699 9336 8116,GKCCBEBB,assets/logos/societe_soc088.svg
SOC089,Shop Center,Commerce,retail,118 Street des Artisans,5000,Namur,Belgium,+32 188 918 55 78,contact@shop-center.be,BE0448636632,BE29 6259 6161 7907,GKCCBEBB,assets/logos/societe_soc089.svg
SOC090,Vente Directe,Commerce,retail,81 Highway de Mons,6000,Charleroi,Belgium,+32 647 418 34 34,contact@vente-directe.be,BE0876867754,BE81 2540 2686 8485,BBRUBEBB,assets/logos/societe_soc090.svgSOC091
SOC092,Pompes funèbres Top Concept,Pompes funèbres,funeral,108 Street des Artisans,Evere,1140,Belgium,+32 17 303 231 74,contact@pompes-funèbres-top-concept.be,BE0001902228,BE23 3434 5071 87,KREDBEBB,assets/logos/societe_soc092.svg
SOC093,Maes & Willems,Traiteur,catering,14 Street du Moulin,Dilbeek,1700,Belgium,+32 97 893 724 37,contact@maes--willems.be,BE0003013053,BE25 8205 6755 58,NICABEBB,assets/logos/societe_soc093.svg
SOC094,TopIntracommunautaire Plus,Intracommunautaire,intracommunity,87 Street de la Loi,Anvers,2000,Belgium,+32 94 662 517 67,contact@topintracommunautaire-plus.be,BE0001341460,BE49 1607 1388 57,GEBABEBB,assets/logos/societe_soc094.svg
SOC095,Wouters Association,Association,ngo,150 Boulevard de l'Europe,Uccle,1180,Belgium,+32 63 282 363 23,contact@wouters-association.be,BE0004727668,BE96 6913 5443 59,BBRUBEBB,assets/logos/societe_soc095.svg
SOC096,Lemaire Démolition,Démolition,demolition,23 Street du Parc,Kampenhout,1910,Belgium,+32 78 116 869 69,contact@lemaire-démolition.be,BE0001012500,BE51 2888 9375 90,BBRUBEBB,assets/logos/societe_soc096.svg
SOC097,Énergie Arlon,Énergie,energy_contractor,35 Street de la Gare,Bruxelles,1000,Belgium,+32 56 601 626 50,contact@énergie-arlon.be,BE0006570445,BE39 2953 9964 08,GEBABEBB,assets/logos/societe_soc097.svg
SOC098,First Intracommunautaire Services,Intracommunautaire,intracommunity,120 Boulevard du Midi,Marche-en-Famenne,6900,Belgium,+32 19 357 423 87,contact@first-intracommunautaire-services.be,BE0001065203,BE24 0632 4894 01,BNAGBEBB,assets/logos/societe_soc098.svg
SOC099,EliteAgriculture Belgium,Agriculture,agriculture,11 Avenue du Centre,Ixelles,1050,Belgium,+32 32 546 327 75,contact@eliteagriculture-belgium.be,BE0009884945,BE43 2548 5590 19,GEBABEBB,assets/logos/societe_soc099.svg
SOC100,InterÉducation Plus,Éducation,education,69 Avenue des Nations,Bastogne,6600,Belgium,+32 66 322 488 30,contact@interéducation-plus.be,BE0008156768,BE02 0705 8436 59,NICABEBB,assets/logos/societe_soc100.svg
SOC101,Thys & Mercier,Import-Export,import_export,123 Boulevard Anspach,Saint-Josse-ten-Noode,1210,Belgium,+32 74 858 454 24,contact@thys--mercier.be,BE0005831313,BE32 4121 7630 03,KREDBEBB,assets/logos/societe_soc101.svg
SOC102,Banque Alpha & Co,Banque,banking,96 Street du Marché aux Herbes,Zemst,1980,Belgium,+32 15 721 828 84,contact@banque-alpha--co.be,BE0006685720,BE53 9541 8894 08,NICABEBB,assets/logos/societe_soc102.svg
SOC103,Martin & Simon,Pharmacie,pharmacy,61 Street de l'Église,Courtrai,8500,Belgium,+32 68 410 109 25,contact@martin--simon.be,BE0006431110,BE67 0485 9776 26,KREDBEBB,assets/logos/societe_soc103.svg
SOC104,Top Intracommunautaire Plus,Intracommunautaire,intracommunity,5 Street Haute,Courtrai,8500,Belgium,+32 37 509 922 79,contact@top-intracommunautaire-plus.be,BE0003016755,BE44 8605 8048 97,GEBABEBB,assets/logos/societe_soc104.svg
SOC105,Assurance Watermael-Boitsfort,Assurance,insurance,92 Square du Marché,Grimbergen,1850,Belgium,+32 96 239 356 79,contact@assurance-watermael-boitsfort.be,BE0002926383,BE46 0292 3329 80,AXABBE22,assets/logos/societe_soc105.svg
SOC106,TopLogementsocial Belgium,Logement social,social_housing,98 Avenue de la Liberté,Saint-Servais,5002,Belgium,+32 11 546 499 23,contact@toplogementsocial-belgium.be,BE0006521251,BE89 4335 4125 16,BBRUBEBB,assets/logos/societe_soc106.svg
SOC107,Déménagement Plus Services,Déménagement,moving,134 Avenue de la Liberté,Genk,3600,Belgium,+32 79 232 735 71,contact@déménagement-plus-services.be,BE0004031592,BE68 6971 0497 60,NICABEBB,assets/logos/societe_soc107.svg
SOC108,Girard & Goossens,Gaz domestique,gas_domestic,60 Avenue de Tervuren,Saint-Josse-ten-Noode,1210,Belgium,+32 42 388 635 98,contact@girard--goossens.be,BE0008263166,BE17 2564 4911 76,NICABEBB,assets/logos/societe_soc108.svg
SOC109,EliteDémolition Bruxelles,Démolition,demolition,146 Street de la Loi,Bruges,8000,Belgium,+32 84 758 445 53,contact@elitedémolition-bruxelles.be,BE0007607010,BE77 6855 9890 09,BBRUBEBB,assets/logos/societe_soc109.svg
SOC110,Elite Agence de voyage & Co,Agence de voyage,travel_agency,103 Street Antoine Dansaert,Gilly,6060,Belgium,+32 71 655 838 25,contact@elite-agence-de-voyage--co.be,BE0003560580,BE21 8100 2473 92,GEBABEBB,assets/logos/societe_soc110.svg
SOC111,ExpressPiercing Solutions,Piercing,piercing,122 Street Neuve,Anvers,2000,Belgium,+32 41 362 907 77,contact@expresspiercing-solutions.be,BE0002966934,BE24 3369 7711 43,KREDBEBB,assets/logos/societe_soc111.svg
SOC112,Martin & Maes,Banque,banking,33 Street Haute,Waterloo,1410,Belgium,+32 18 248 402 31,contact@martin--maes.be,BE0005188225,BE10 9804 9679 39,BNAGBEBB,assets/logos/societe_soc112.svg
SOC113,Assurance Seraing,Assurance,insurance,61 Boulevard du Midi,Herne,1540,Belgium,+32 37 428 780 82,contact@assurance-seraing.be,BE0004235618,BE70 6474 0247 25,BNAGBEBB,assets/logos/societe_soc113.svg
SOC114,Declercq & Desmet,Pompes funèbres,funeral,10 Street Antoine Dansaert,Hoeilaart,1560,Belgium,+32 76 695 344 35,contact@declercq--desmet.be,BE0002599832,BE87 8488 7449 92,BNAGBEBB,assets/logos/societe_soc114.svg
SOC115,Librairie Rebecq,Bookstore,bookstore,96 Avenue de Tervuren,Braine-l'Alleud,1420,Belgium,+32 14 493 913 15,contact@librairie-rebecq.be,BE0005151066,BE08 7375 8491 43,GEBABEBB,assets/logos/societe_soc115.svg
SOC116,NewRehabilitation Partners,Rehabilitation,rehabilitation,77 Boulevard Léopold,Drogenbos,1620,Belgium,+32 99 826 783 52,contact@newrehabilitation-partners.be,BE0004730165,BE41 8764 3358 09,NICABEBB,assets/logos/societe_soc116.svg
SOC117,Girard Vétérinaire,Vétérinaire,veterinary,90 Street Neuve,Ixelles,1050,Belgium,+32 98 305 524 53,contact@girard-vétérinaire.be,BE0003404873,BE46 3178 3732 75,KREDBEBB,assets/logos/societe_soc117.svg
SOC118,Export Omega Plus,Export,export_services,140 Street Antoine Dansaert,Wemmel,1780,Belgium,+32 92 506 848 82,contact@export-omega-plus.be,BE0007177734,BE86 5313 7047 16,GEBABEBB,assets/logos/societe_soc118.svg
SOC119,Crèche Inter Partners,Crèche,childcare,56 Avenue des Nations,Forest,1190,Belgium,+32 31 112 831 86,contact@crèche-inter-partners.be,BE0005638173,BE96 4417 0117 49,BBRUBEBB,assets/logos/societe_soc119.svg
SOC120,Transport Pro Concept,Transport,public_transport,110 Avenue des Arts,Drogenbos,1620,Belgium,+32 89 832 332 52,contact@transport-pro-concept.be,BE0009697855,BE02 0265 0617 06,BBRUBEBB,assets/logos/societe_soc120.svg
SOC121,First Épicerie Concept,Épicerie,grocery,70 Street des Bouchers,La Louvière,7100,Belgium,+32 61 403 327 95,contact@first-épicerie-concept.be,BE0009490462,BE66 1301 6331 47,NICABEBB,assets/logos/societe_soc121.svg
SOC122,Lemaire & Goossens,Eau,water_supply,119 Street de la Victoire,Kampenhout,1910,Belgium,+32 71 216 122 39,contact@lemaire--goossens.be,BE0006627565,BE88 6994 3600 06,KREDBEBB,assets/logos/societe_soc122.svg
SOC123,PremierTransport Partners,Transport,public_transport,131 Street de la Gare,Seraing,4100,Belgium,+32 35 217 745 82,contact@premiertransport-partners.be,BE0005927897,BE82 5494 3573 85,GEBABEBB,assets/logos/societe_soc123.svg
SOC124,Épicerie Saint-Servais,Épicerie,grocery,132 Street de la Loi,Louvain-la-Neuve,1348,Belgium,+32 75 547 414 23,contact@épicerie-saint-servais.be,BE0006818701,BE87 7628 2687 78,AXABBE22,assets/logos/societe_soc124.svg
SOC125,Mercier Transport,Transport,public_transport,16 Square Sainte-Catherine,Drogenbos,1620,Belgium,+32 12 210 345 11,contact@mercier-transport.be,BE0001335530,BE14 2768 0616 25,GEBABEBB,assets/logos/societe_soc125.svg
SOC126,Mertens Assurance,Assurance,insurance,88 Avenue des Champs,Hasselt,3500,Belgium,+32 93 575 230 48,contact@mertens-assurance.be,BE0008231374,BE44 0427 5684 91,KREDBEBB,assets/logos/societe_soc126.svg
SOC127,Desmet Pompes funèbres,Pompes funèbres,funeral,132 Boulevard de l'Europe,Ans,4430,Belgium,+32 69 362 438 35,contact@desmet-pompes-funèbres.be,BE0005185193,BE26 7218 0921 92,KREDBEBB,assets/logos/societe_soc127.svg
SOC128,Éducation Hermée,Éducation,education,36 Street du Marché aux Herbes,Gand,9000,Belgium,+32 84 225 836 42,contact@éducation-hermée.be,BE0004308207,BE28 2095 4466 69,GEBABEBB,assets/logos/societe_soc128.svg
SOC129,PlusAssurance Partners,Assurance,insurance,17 Street Neuve,Drogenbos,1620,Belgium,+32 62 561 244 83,contact@plusassurance-partners.be,BE0009836096,BE31 1915 2148 70,NICABEBB,assets/logos/societe_soc129.svg
SOC130,Export Top & Co,Export,export_services,6 Avenue de la Liberté,Watermael-Boitsfort,1170,Belgium,+32 93 954 947 23,contact@export-top--co.be,BE0008221116,BE75 8914 9957 59,BBRUBEBB,assets/logos/societe_soc130.svg
SOC131,Santé mentale First Concept,Santé mentale,mental_health,34 Street Antoine Dansaert,Courtrai,8500,Belgium,+32 51 554 543 86,contact@santé-mentale-first-concept.be,BE0007047562,BE93 1733 2028 48,NICABEBB,assets/logos/societe_soc131.svg
SOC132,Baert & Declercq,Déchets,waste,65 Avenue des Champs,Forest,1190,Belgium,+32 33 891 533 13,contact@baert--declercq.be,BE0009641666,BE10 5792 9585 65,KREDBEBB,assets/logos/societe_soc132.svg
SOC133,Dupont Rénovation,Rénovation,home_renovation,83 Avenue des Arts,Halle,1500,Belgium,+32 44 439 577 89,contact@dupont-rénovation.be,BE0004457884,BE65 1308 6368 57,NICABEBB,assets/logos/societe_soc133.svg
SOC134,Énergie Euro Agency,Énergie,energy_contractor,119 Street de l'Étuve,Uccle,1180,Belgium,+32 54 100 920 10,contact@énergie-euro-agency.be,BE0005126190,BE50 2764 2885 69,AXABBE22,assets/logos/societe_soc134.svg
SOC135,Lemaire Agriculture,Agriculture,agriculture,4 Street des Sports,Tubize,1480,Belgium,+32 29 223 527 70,contact@lemaire-agriculture.be,BE0002820117,BE71 0490 9162 44,GEBABEBB,assets/logos/societe_soc135.svg
SOC136,Bertrand Kinésithérapie,Kinésithérapie,physiotherapy,135 Avenue de la Liberté,Tournai,7500,Belgium,+32 94 276 204 57,contact@bertrand-kinésithérapie.be,BE0009699063,BE35 4533 0687 96,BNAGBEBB,assets/logos/societe_soc136.svg
SOC137,SPA Premier Concept,SPA,spa,137 Street de la Gare,Libramont,6800,Belgium,+32 57 196 319 26,contact@spa-premier-concept.be,BE0005322155,BE67 0000 3490 83,GEBABEBB,assets/logos/societe_soc137.svg
SOC138,Tatouage Inter Concept,Tatouage,tattoo,61 Street de la Victoire,Gilly,6060,Belgium,+32 38 460 881 27,contact@tatouage-inter-concept.be,BE0005440416,BE71 0211 1371 50,NICABEBB,assets/logos/societe_soc138.svg
SOC139,Banque Expert & Co,Banque,banking,100 Square du Grand Sablon,Tournai,7500,Belgium,+32 93 275 815 10,contact@banque-expert--co.be,BE0008653967,BE75 2433 6061 82,NICABEBB,assets/logos/societe_soc139.svg
SOC140,Best Intracommunautaire Bruxelles,Intracommunautaire,intracommunity,9 Avenue de Tervuren,Anvers,2000,Belgium,+32 13 104 567 15,contact@best-intracommunautaire-bruxelles.be,BE0004249619,BE62 2137 5856 50,GEBABEBB,assets/logos/societe_soc140.svg
SOC141,Bio Traduction Solutions,Traduction,translation,144 Avenue de Tervuren,Mechelen,2800,Belgium,+32 99 824 854 73,contact@bio-traduction-solutions.be,BE0003157992,BE30 1312 1859 13,BNAGBEBB,assets/logos/societe_soc141.svg
SOC142,Énergie Genk,Énergie,energy_contractor,145 Avenue de la Reine,Waterloo,1410,Belgium,+32 57 942 207 95,contact@énergie-genk.be,BE0002916171,BE37 2690 3792 94,GEBABEBB,assets/logos/societe_soc142.svg
SOC143,Simon Association,Association,ngo,55 Street du Parc,Rhode-Saint-Genèse,1640,Belgium,+32 71 680 655 32,contact@simon-association.be,BE0004841826,BE71 6016 0763 64,BNAGBEBB,assets/logos/societe_soc143.svg
SOC144,Super Librairie Solutions,Bookstore,bookstore,73 Boulevard Anspach,Rhode-Saint-Genèse,1640,Belgium,+32 63 704 566 51,contact@super-librairie-solutions.be,BE0005899883,BE59 7098 7394 38,AXABBE22,assets/logos/societe_soc144.svg
SOC145,Association Eco Belgium,Association,ngo,68 Avenue de la Liberté,Anvers,2000,Belgium,+32 52 789 785 36,contact@association-eco-belgium.be,BE0007997890,BE48 7543 6624 33,BNAGBEBB,assets/logos/societe_soc145.svg
SOC146,Aménagement intérieur Express Belgium,Aménagement intérieur,interior_renovation,125 Street Antoine Dansaert,Ixelles,1050,Belgium,+32 63 735 261 25,contact@aménagement-intérieur-express-belgium.be,BE0006468960,BE05 2243 4134 95,NICABEBB,assets/logos/societe_soc146.svg
SOC147,PremierÉducation Concept,Éducation,education,26 Street du Parc,Courtrai,8500,Belgium,+32 44 214 727 27,contact@premieréducation-concept.be,BE0009627965,BE35 5236 3043 06,GEBABEBB,assets/logos/societe_soc147.svg
SOC148,Best Aide familiale Belgium,Aide familiale,childcare,100 Street de la Croix,Uccle,1180,Belgium,+32 79 499 457 32,contact@best-aide-familiale-belgium.be,BE0006990290,BE67 0963 9138 87,GEBABEBB,assets/logos/societe_soc148.svg
SOC149,Dupuis & Van den Berg,Pompes funèbres,funeral,41 Street Principale,Liège,4000,Belgium,+32 67 948 719 78,contact@dupuis--van-den-berg.be,BE0007566666,BE33 3059 8307 54,BNAGBEBB,assets/logos/societe_soc149.svg
SOC150,Banque Plus Partners,Banque,banking,46 Street Neuve,Auderghem,1160,Belgium,+32 36 926 280 17,contact@banque-plus-partners.be,BE0003406387,BE75 9659 3298 16,BBRUBEBB,assets/logos/societe_soc150.svg
SOC151,NewÉnergie Solutions,Énergie,energy_contractor,23 Square du Marché,Molenbeek-Saint-Jean,1080,Belgium,+32 75 380 835 74,contact@newénergie-solutions.be,BE0001169802,BE65 1251 2079 65,BBRUBEBB,assets/logos/societe_soc151.svg
SOC152,Max Pharmacie Solutions,Pharmacie,pharmacy,14 Street des Bouchers,Auderghem,1160,Belgium,+32 36 507 251 61,contact@max-pharmacie-solutions.be,BE0009234589,BE72 7542 8584 51,NICABEBB,assets/logos/societe_soc152.svg
SOC153,AlphaDémolition,Démolition,demolition,26 Highway de Mons,Mechelen,2800,Belgium,+32 92 174 376 34,contact@alphadémolition.be,BE0007641253,BE85 0367 6964 88,AXABBE22,assets/logos/societe_soc153.svg
SOC154,Top Export Bruxelles,Export,export_services,117 Street Antoine Dansaert,Genk,3600,Belgium,+32 98 740 214 44,contact@top-export-bruxelles.be,BE0007895631,BE35 6948 7569 72,BNAGBEBB,assets/logos/societe_soc154.svg
SOC155,Pro Transport Partners,Transport,public_transport,149 Street Haute,Seraing,4100,Belgium,+32 56 953 242 61,contact@pro-transport-partners.be,BE0004617217,BE08 2859 6676 22,BBRUBEBB,assets/logos/societe_soc155.svg
SOC156,Sport First Partners,Sport,sport_equipment,105 Boulevard du Midi,Arlon,6700,Belgium,+32 44 627 318 20,contact@sport-first-partners.be,BE0005143496,BE82 2472 1567 10,AXABBE22,assets/logos/societe_soc156.svg
SOC157,Rehabilitation Pro Agency,Rehabilitation,rehabilitation,112 Avenue du Centre,Gand,9000,Belgium,+32 92 196 383 90,contact@rehabilitation-pro-agency.be,BE0005012801,BE74 0992 1997 47,GEBABEBB,assets/logos/societe_soc157.svg
SOC158,Rénovation New Belgium,Rénovation,home_renovation,120 Square du Marché,Arlon,6700,Belgium,+32 50 866 245 70,contact@rénovation-new-belgium.be,BE0008414898,BE21 3722 6380 74,AXABBE22,assets/logos/societe_soc158.svg
SOC159,Qualité Transport & Co,Transport,public_transport,53 Street Antoine Dansaert,Watermael-Boitsfort,1170,Belgium,+32 47 396 393 63,contact@qualité-transport--co.be,BE0005830747,BE99 2634 0487 27,NICABEBB,assets/logos/societe_soc159.svg
SOC160,Vermeulen & Bertrand,Traduction,translation,37 Street de la Loi,Ciney,5590,Belgium,+32 87 261 952 12,contact@vermeulen--bertrand.be,BE0005529945,BE51 7946 9402 84,AXABBE22,assets/logos/societe_soc160.svg
SOC161,Peeters & Van Damme,Déchets,waste,100 Street du Commerce,Evere,1140,Belgium,+32 61 346 890 54,contact@peeters--van-damme.be,BE0007252052,BE87 9397 4824 87,BNAGBEBB,assets/logos/societe_soc161.svg
SOC162,Thys & Durand,Assurance,insurance,29 Avenue de la Liberté,Bruxelles,1000,Belgium,+32 72 939 580 26,contact@thys--durand.be,BE0001944620,BE73 0338 8245 03,GEBABEBB,assets/logos/societe_soc162.svg
SOC163,Janssens & Michel,Intracommunautaire,intracommunity,22 Street du Pont,Anvers,2000,Belgium,+32 68 669 166 23,contact@janssens--michel.be,BE0002373885,BE00 8005 9656 69,BNAGBEBB,assets/logos/societe_soc163.svg
SOC164,Verhoeven Association,Association,ngo,15 Street de Rollebeek,Overijse,3090,Belgium,+32 98 400 637 78,contact@verhoeven-association.be,BE0007068546,BE29 3047 5012 10,NICABEBB,assets/logos/societe_soc164.svg
SOC165,Simon Agence web,Agence web,it,106 Street de la Victoire,Woluwe-Saint-Pierre,1150,Belgium,+32 89 594 585 46,contact@simon-agence-web.be,BE0004458406,BE54 1397 7774 21,GEBABEBB,assets/logos/societe_soc165.svg
SOC166,Top Traiteur Services,Traiteur,catering,88 Street de la Paix,Saint-Servais,5002,Belgium,+32 88 736 870 90,contact@top-traiteur-services.be,BE0008797675,BE52 6192 5642 22,KREDBEBB,assets/logos/societe_soc166.svg
SOC167,BioSantémentale Belgium,Santé mentale,mental_health,123 Street Antoine Dansaert,Courtrai,8500,Belgium,+32 61 699 816 64,contact@biosantémentale-belgium.be,BE0007071307,BE79 1770 0832 31,GEBABEBB,assets/logos/societe_soc167.svg
SOC168,Agriculture Anvers,Agriculture,agriculture,89 Street de la Croix,Waterloo,1410,Belgium,+32 59 499 131 57,contact@agriculture-anvers.be,BE0006612701,BE08 2523 8314 06,KREDBEBB,assets/logos/societe_soc168.svg
SOC169,Verhoeven Ostéopathie,Ostéopathie,osteopathy,10 Boulevard Léopold,Ciney,5590,Belgium,+32 37 532 788 32,contact@verhoeven-ostéopathie.be,BE0009080531,BE41 5597 9541 69,AXABBE22,assets/logos/societe_soc169.svg
SOC170,Expert Eau Belgium,Eau,water_supply,80 Boulevard Léopold,Louvain,3000,Belgium,+32 38 298 733 22,contact@expert-eau-belgium.be,BE0004867200,BE58 5761 7660 46,GEBABEBB,assets/logos/societe_soc170.svg
SOC171,Goossens Eau,Eau,water_supply,147 Street de la Fontaine,Liège,4000,Belgium,+32 93 129 562 12,contact@goossens-eau.be,BE0009124272,BE37 2037 4209 23,NICABEBB,assets/logos/societe_soc171.svg
SOC172,André Assurance,Assurance,insurance,150 Street Principale,Zaventem,1930,Belgium,+32 82 318 251 14,contact@andré-assurance.be,BE0005880701,BE51 0885 2075 59,GEBABEBB,assets/logos/societe_soc172.svg
SOC173,Logement social Tubize,Logement social,social_housing,44 Boulevard Léopold,Bruxelles,1000,Belgium,+32 12 554 496 93,contact@logement-social-tubize.be,BE0003057954,BE99 4138 1072 78,NICABEBB,assets/logos/societe_soc173.svg
SOC174,Rousseau & Girard,Association,ngo,54 Square Sainte-Catherine,Jette,1090,Belgium,+32 23 746 829 23,contact@rousseau--girard.be,BE0004216815,BE13 4471 3295 84,BNAGBEBB,assets/logos/societe_soc174.svg
SOC175,Alpha Médecin Bruxelles,Médecin,medical_services,79 Boulevard Industriel,Verviers,4800,Belgium,+32 18 882 954 11,contact@alpha-médecin-bruxelles.be,BE0009390556,BE67 5316 4990 78,KREDBEBB,assets/logos/societe_soc175.svg
SOC176,Premier Démolition Bruxelles,Démolition,demolition,45 Street de Rollebeek,Ans,4430,Belgium,+32 15 371 399 31,contact@premier-démolition-bruxelles.be,BE0005793042,BE08 6858 4938 83,GEBABEBB,assets/logos/societe_soc176.svg
SOC177,Expert Éducation Services,Éducation,education,139 Square du Marché,Herne,1540,Belgium,+32 51 364 951 47,contact@expert-éducation-services.be,BE0009557130,BE93 2941 1466 00,BBRUBEBB,assets/logos/societe_soc177.svg
SOC178,Ressources Humaines Apex Solutions,Ressources Humaines,hr_services,127 Square du Grand Sablon,La Louvière,7100,Belgium,+32 76 223 413 21,contact@ressources-humaines-apex-solutions.be,BE0009286427,BE84 3269 7807 18,KREDBEBB,assets/logos/societe_soc178.svg
SOC179,Assurance Grimbergen,Assurance,insurance,136 Boulevard Anspach,Bressoux,4020,Belgium,+32 13 576 998 44,contact@assurance-grimbergen.be,BE0009161420,BE96 1831 9490 25,BBRUBEBB,assets/logos/societe_soc179.svg
SOC180,Association Max Belgium,Association,ngo,74 Street Principale,Charleroi,6000,Belgium,+32 33 478 299 15,contact@association-max-belgium.be,BE0003234057,BE73 7614 2720 91,AXABBE22,assets/logos/societe_soc180.svg
SOC181,Bio Événementiel Partners,Événementiel,events,1 Avenue de Tervuren,Saint-Servais,5002,Belgium,+32 95 154 300 52,contact@bio-événementiel-partners.be,BE0007941117,BE58 5249 2793 66,BBRUBEBB,assets/logos/societe_soc181.svg
SOC182,EcoBanque Bruxelles,Banque,banking,102 Street de la Fontaine,Jette,1090,Belgium,+32 78 527 511 99,contact@ecobanque-bruxelles.be,BE0002377531,BE55 2268 1710 06,AXABBE22,assets/logos/societe_soc182.svg
SOC183,Association Premier Concept,Association,ngo,114 Avenue de Tervuren,Wemmel,1780,Belgium,+32 53 354 256 37,contact@association-premier-concept.be,BE0009964755,BE64 1445 4757 89,KREDBEBB,assets/logos/societe_soc183.svg
SOC184,Omega Développement logiciel Belgium,Développement logiciel,it,150 Street des Sports,Ostende,8400,Belgium,+32 77 347 893 93,contact@omega-développement-logiciel-belgium.be,BE0003352800,BE89 3614 9659 26,AXABBE22,assets/logos/societe_soc184.svg
SOC185,Muller & Moreau,Assurance,insurance,77 Avenue de Tervuren,Dilbeek,1700,Belgium,+32 94 868 954 15,contact@muller--moreau.be,BE0007444572,BE48 5101 3186 96,KREDBEBB,assets/logos/societe_soc185.svg
SOC186,Bertrand & Devos,Culture,cultural_events,63 Street Haute,Courtrai,8500,Belgium,+32 52 295 880 77,contact@bertrand--devos.be,BE0007059556,BE06 1153 3466 67,BBRUBEBB,assets/logos/societe_soc186.svg
SOC187,Rénovation Forest,Rénovation,home_renovation,30 Street du Pont,Ans,4430,Belgium,+32 40 715 377 16,contact@rénovation-forest.be,BE0005071606,BE53 8333 8341 73,AXABBE22,assets/logos/societe_soc187.svg
SOC188,Segers & Lemaire,Ostéopathie,osteopathy,125 Boulevard du Midi,Kampenhout,1910,Belgium,+32 24 289 146 40,contact@segers--lemaire.be,BE0005483689,BE92 1464 1623 83,BNAGBEBB,assets/logos/societe_soc188.svg
SOC189,Van Damme Agriculture,Agriculture,agriculture,66 Street des Écoles,Arlon,6700,Belgium,+32 46 125 102 11,contact@van-damme-agriculture.be,BE0004733717,BE16 0659 9378 26,KREDBEBB,assets/logos/societe_soc189.svg
SOC190,Pompes funèbres Top Concept,Pompes funèbres,funeral,8 Street de la Station,Gilly,6060,Belgium,+32 51 796 732 42,contact@pompes-funèbres-top-concept.be,BE0005790676,BE50 1455 5062 14,BNAGBEBB,assets/logos/societe_soc190.svg
SOC191,PremierMédecin Concept,Médecin,medical_services,66 Street de la Victoire,Grimbergen,1850,Belgium,+32 85 543 826 31,contact@premiermédecin-concept.be,BE0003828782,BE64 6388 6642 59,NICABEBB,assets/logos/societe_soc191.svg
SOC192,PrimeHorlogerie Services,Horlogerie,watchmaking,60 Street de la Station,Gand,9000,Belgium,+32 50 887 402 73,contact@primehorlogerie-services.be,BE0009431113,BE17 6464 6055 51,AXABBE22,assets/logos/societe_soc192.svg
SOC193,Architecture d'intérieur Top Belgium,Architecture d'intérieur,interior_design,56 Street du Pont,Ciney,5590,Belgium,+32 35 443 316 30,contact@architecture-d'intérieur-top-belgium.be,BE0005184514,BE35 1092 1193 54,AXABBE22,assets/logos/societe_soc193.svg
SOC194,Traduction Kraainem,Traduction,translation,17 Street de la Station,Forest,1190,Belgium,+32 85 161 800 88,contact@traduction-kraainem.be,BE0002907401,BE52 2768 7056 83,KREDBEBB,assets/logos/societe_soc194.svg
SOC195,Électricité domestique Omega,Électricité domestique,electricity_domestic,4 Avenue de Tervuren,Hermée,4680,Belgium,+32 64 252 977 59,contact@électricité-domestique-omega.be,BE0003414357,BE58 2687 4427 70,GEBABEBB,assets/logos/societe_soc195.svg
SOC196,Agriculture Prime Concept,Agriculture,agriculture,108 Street de la Croix,Herne,1540,Belgium,+32 59 974 758 88,contact@agriculture-prime-concept.be,BE0002497441,BE67 9152 1689 60,NICABEBB,assets/logos/societe_soc196.svg
SOC197,Dupont & Dupuis,Rehabilitation,rehabilitation,50 Street des Bouchers,Grimbergen,1850,Belgium,+32 84 716 952 92,contact@dupont--dupuis.be,BE0001208123,BE78 6485 8951 85,KREDBEBB,assets/logos/societe_soc197.svg
SOC198,ExpertOptique Concept,Optics,optics,43 Boulevard Industriel,Woluwe-Saint-Lambert,1200,Belgium,+32 49 524 208 21,contact@expertoptique-concept.be,BE0006846692,BE83 5777 0645 66,BBRUBEBB,assets/logos/societe_soc198.svg
SOC199,Desmet & Lemaître,Export,export_services,109 Street de l'Église,Grimbergen,1850,Belgium,+32 54 951 292 53,contact@desmet--lemaître.be,BE0004178490,BE22 0116 9403 75,GEBABEBB,assets/logos/societe_soc199.svg
SOC200,Transport Bio Plus,Transport,public_transport,15 Street du Parc,Ostende,8400,Belgium,+32 48 161 974 53,contact@transport-bio-plus.be,BE0005010375,BE56 8535 2802 46,NICABEBB,assets/logos/societe_soc200.svg
SOC201,Cools Rehabilitation,Rehabilitation,rehabilitation,120 Street de la Croix,Tervuren,3080,Belgium,+32 99 547 578 75,contact@cools-rehabilitation.be,BE0008403704,BE05 0645 4544 80,BNAGBEBB,assets/logos/societe_soc201.svg
SOC202,Expert Rehabilitation Bruxelles,Rehabilitation,rehabilitation,54 Street de la Loi,Charleroi,6000,Belgium,+32 12 421 831 19,contact@expert-rehabilitation-bruxelles.be,BE0001220963,BE46 9305 1968 44,GEBABEBB,assets/logos/societe_soc202.svg
SOC203,ExpertExport Agency,Export,export_services,3 Avenue de Tervuren,Ciney,5590,Belgium,+32 57 546 696 63,contact@expertexport-agency.be,BE0009739315,BE05 6196 1803 84,NICABEBB,assets/logos/societe_soc203.svg
SOC204,Agence web Smart Partners,Agence web,it,127 Street du Moulin,Braine-l'Alleud,1420,Belgium,+32 23 148 889 59,contact@agence-web-smart-partners.be,BE0009907415,BE86 4385 3441 96,AXABBE22,assets/logos/societe_soc204.svg
SOC205,Bertrand & Claes,Association,ngo,82 Street du Parc,Grimbergen,1850,Belgium,+32 33 958 444 74,contact@bertrand--claes.be,BE0003642379,BE01 3122 4889 31,AXABBE22,assets/logos/societe_soc205.svg
SOC206,PremierAssurance Belgium,Assurance,insurance,33 Avenue de la Reine,Gilly,6060,Belgium,+32 72 678 882 64,contact@premierassurance-belgium.be,BE0006583116,BE50 9786 7372 57,BBRUBEBB,assets/logos/societe_soc206.svg
SOC207,Declercq & Vermeulen,Esthétique,beauty,67 Square du Marché,Molenbeek-Saint-Jean,1080,Belgium,+32 99 703 589 35,contact@declercq--vermeulen.be,BE0002672821,BE69 5515 1863 39,BBRUBEBB,assets/logos/societe_soc207.svg
SOC208,AlphaHorlogerie Plus,Horlogerie,watchmaking,8 Street du Moulin,Roulers,8800,Belgium,+32 55 863 426 42,contact@alphahorlogerie-plus.be,BE0009544708,BE58 1966 3432 71,AXABBE22,assets/logos/societe_soc208.svg
SOC209,Dupuis & De Smet,Intracommunautaire,intracommunity,37 Avenue du Centre,Charleroi,6000,Belgium,+32 63 862 578 35,contact@dupuis--de-smet.be,BE0005116391,BE35 0455 4742 59,BNAGBEBB,assets/logos/societe_soc209.svg
SOC210,Best Marketing Bruxelles,Marketing,marketing,50 Avenue de Tervuren,Ixelles,1050,Belgium,+32 93 104 775 94,contact@best-marketing-bruxelles.be,BE0008818398,BE29 1593 5430 53,KREDBEBB,assets/logos/societe_soc210.svg
SOC211,Culture Omega & Co,Culture,cultural_events,100 Street du Marché aux Herbes,Herne,1540,Belgium,+32 59 713 541 71,contact@culture-omega--co.be,BE0009923992,BE79 1142 8746 51,BBRUBEBB,assets/logos/societe_soc211.svg
SOC212,Guillaume Export,Export,export_services,8 Street du Pont,Kampenhout,1910,Belgium,+32 86 226 439 58,contact@guillaume-export.be,BE0004076655,BE14 5421 0911 99,BBRUBEBB,assets/logos/societe_soc212.svg
SOC213,Janssens Éducation,Éducation,education,74 Avenue Louise,Mons,7000,Belgium,+32 53 871 351 83,contact@janssens-éducation.be,BE0005261885,BE47 2665 5850 67,GEBABEBB,assets/logos/societe_soc213.svg
SOC214,Maes & Cools,Crèche,childcare,111 Boulevard Léopold,Ciney,5590,Belgium,+32 80 957 279 40,contact@maes--cools.be,BE0005504092,BE85 1399 9127 14,NICABEBB,assets/logos/societe_soc214.svg
SOC215,Traduction New,Traduction,translation,43 Square du Marché,Marche-en-Famenne,6900,Belgium,+32 37 420 732 52,contact@traduction-new.be,BE0007036479,BE15 5936 2111 50,KREDBEBB,assets/logos/societe_soc215.svg
SOC216,Max Logement social Bruxelles,Logement social,social_housing,22 Avenue des Arts,Ittre,1460,Belgium,+32 12 999 291 63,contact@max-logement-social-bruxelles.be,BE0009924004,BE97 6478 3395 63,NICABEBB,assets/logos/societe_soc216.svg
SOC217,Crèche Best Agency,Crèche,childcare,80 Street de la Gare,Kraainem,1950,Belgium,+32 46 382 370 17,contact@crèche-best-agency.be,BE0005963800,BE46 4979 6659 89,NICABEBB,assets/logos/societe_soc217.svg
SOC218,Logistique Uccle,Logistique,logistics,82 Square Sainte-Catherine,Uccle,1180,Belgium,+32 77 182 409 73,contact@logistique-uccle.be,BE0006996145,BE91 1209 7742 87,NICABEBB,assets/logos/societe_soc218.svg
SOC219,Muller & Muller,Association,ngo,4 Boulevard Léopold,Ternat,1740,Belgium,+32 49 395 881 72,contact@muller--muller.be,BE0001727002,BE00 1097 4622 40,NICABEBB,assets/logos/societe_soc219.svg
SOC220,Claes Logistique,Logistique,logistics,69 Boulevard Anspach,Schaerbeek,1030,Belgium,+32 76 704 171 37,contact@claes-logistique.be,BE0006055636,BE82 5313 6885 89,BNAGBEBB,assets/logos/societe_soc220.svg
SOC221,Pompes funèbres Bio Belgium,Pompes funèbres,funeral,103 Boulevard de l'Europe,Herne,1540,Belgium,+32 48 297 609 38,contact@pompes-funèbres-bio-belgium.be,BE0002871070,BE81 7862 3964 11,NICABEBB,assets/logos/societe_soc221.svg
SOC222,Lefebvre & Bertrand,Association,ngo,54 Street Haute,Kampenhout,1910,Belgium,+32 44 882 406 66,contact@lefebvre--bertrand.be,BE0009671558,BE59 8246 2507 13,KREDBEBB,assets/logos/societe_soc222.svg
SOC223,Inter Assurance Bruxelles,Assurance,insurance,120 Boulevard de l'Europe,Louvain-la-Neuve,1348,Belgium,+32 29 217 659 46,contact@inter-assurance-bruxelles.be,BE0006571609,BE66 0290 1779 13,BNAGBEBB,assets/logos/societe_soc223.svg
SOC224,Qualité Médecin,Médecin,medical_services,51 Street de l'Étuve,Tournai,7500,Belgium,+32 21 484 675 40,contact@qualité-médecin.be,BE0007451212,BE63 9658 0994 25,KREDBEBB,assets/logos/societe_soc224.svg
SOC225,Baert Éducation,Éducation,education,8 Street Antoine Dansaert,Rebecq,1430,Belgium,+32 39 710 355 89,contact@baert-éducation.be,BE0007145530,BE63 6945 8608 41,BNAGBEBB,assets/logos/societe_soc225.svg
SOC226,Maes & Lemaître,Traiteur,catering,96 Street des Sports,Verviers,4800,Belgium,+32 45 382 114 55,contact@maes--lemaître.be,BE0007755315,BE76 1609 9363 04,BNAGBEBB,assets/logos/societe_soc226.svg
SOC227,Pro Librairie Partners,Bookstore,bookstore,93 Street Neuve,Woluwe-Saint-Lambert,1200,Belgium,+32 60 882 369 81,contact@pro-librairie-partners.be,BE0003516120,BE59 7505 6509 80,BNAGBEBB,assets/logos/societe_soc227.svg
SOC228,Dupuis Soins à domicile,Soins à domicile,home_care,56 Street Principale,La Louvière,7100,Belgium,+32 87 734 488 80,contact@dupuis-soins-à-domicile.be,BE0007816862,BE15 4921 6543 71,GEBABEBB,assets/logos/societe_soc228.svg
SOC229,Export Bio & Co,Export,export_services,100 Highway de Mons,Grimbergen,1850,Belgium,+32 74 172 430 34,contact@export-bio--co.be,BE0004099134,BE28 1772 4148 43,GEBABEBB,assets/logos/societe_soc229.svg
SOC230,Simon Déménagement,Déménagement,moving,78 Boulevard Industriel,Bruxelles,1000,Belgium,+32 79 117 756 93,contact@simon-déménagement.be,BE0003446661,BE98 2860 1956 80,AXABBE22,assets/logos/societe_soc230.svg
SOC231,Assurance Liège,Assurance,insurance,115 Square du Grand Sablon,Overijse,3090,Belgium,+32 27 197 448 58,contact@assurance-liège.be,BE0004560514,BE71 3678 6122 89,KREDBEBB,assets/logos/societe_soc231.svg
SOC232,Rehabilitation First Solutions,Rehabilitation,rehabilitation,88 Avenue de Tervuren,Bressoux,4020,Belgium,+32 70 573 408 35,contact@rehabilitation-first-solutions.be,BE0002236479,BE32 9751 3103 18,BBRUBEBB,assets/logos/societe_soc232.svg
SOC233,Cools & Laurent,Boucherie,butcher,34 Street de Flandre,Forest,1190,Belgium,+32 52 702 578 21,contact@cools--laurent.be,BE0002071609,BE73 8090 1240 87,BBRUBEBB,assets/logos/societe_soc233.svg
SOC234,OmegaÉnergie & Co,Énergie,energy_contractor,3 Square du Marché,Kraainem,1950,Belgium,+32 25 426 787 96,contact@omegaénergie--co.be,BE0002205958,BE62 3085 9408 55,NICABEBB,assets/logos/societe_soc234.svg
SOC235,QualitéBanque Partners,Banque,banking,19 Boulevard de l'Europe,Vilvorde,1800,Belgium,+32 71 915 104 24,contact@qualitébanque-partners.be,BE0003812115,BE94 1313 3398 33,KREDBEBB,assets/logos/societe_soc235.svg
SOC236,Gaz domestique Super Concept,Gaz domestique,gas_domestic,63 Avenue de Tervuren,Gilly,6060,Belgium,+32 54 456 231 50,contact@gaz-domestique-super-concept.be,BE0008833462,BE39 0817 4116 79,NICABEBB,assets/logos/societe_soc236.svg
SOC237,Association Ostende,Association,ngo,80 Street de l'Église,Arlon,6700,Belgium,+32 59 313 296 97,contact@association-ostende.be,BE0001110629,BE25 9917 7043 13,AXABBE22,assets/logos/societe_soc237.svg
SOC238,TopRénovation Solutions,Rénovation,home_renovation,132 Street des Bouchers,Uccle,1180,Belgium,+32 15 869 201 23,contact@toprénovation-solutions.be,BE0009373841,BE97 0573 1484 78,AXABBE22,assets/logos/societe_soc238.svg
SOC239,Recyclage Zemst,Recyclage,recycling,77 Street des Écoles,Ixelles,1050,Belgium,+32 60 740 443 69,contact@recyclage-zemst.be,BE0002730574,BE97 5284 9517 30,NICABEBB,assets/logos/societe_soc239.svg
SOC240,Association Max & Co,Association,ngo,11 Street de l'Église,Woluwe-Saint-Lambert,1200,Belgium,+32 24 263 787 76,contact@association-max--co.be,BE0006164577,BE14 7766 8877 09,AXABBE22,assets/logos/societe_soc240.svg
SOC241,Bernard & Charlier,Aménagement intérieur,interior_renovation,126 Square du Marché,Wemmel,1780,Belgium,+32 95 613 540 89,contact@bernard--charlier.be,BE0007371917,BE10 9992 3281 20,GEBABEBB,assets/logos/societe_soc241.svg
SOC242,Crèche Verviers,Crèche,childcare,77 Street des Artisans,Louvain,3000,Belgium,+32 15 820 992 78,contact@crèche-verviers.be,BE0007612361,BE02 9651 9252 20,BNAGBEBB,assets/logos/societe_soc242.svg
SOC243,BestIntracommunautaire Partners,Intracommunautaire,intracommunity,6 Avenue de Tervuren,Uccle,1180,Belgium,+32 84 764 135 16,contact@bestintracommunautaire-partners.be,BE0005506952,BE04 3008 5231 30,BBRUBEBB,assets/logos/societe_soc243.svg
SOC244,ModernAssurance,Assurance,insurance,118 Street Principale,Bastogne,6600,Belgium,+32 87 467 751 53,contact@modernassurance.be,BE0002752632,BE51 4864 8949 20,NICABEBB,assets/logos/societe_soc244.svg
SOC245,Expert Banque Solutions,Banque,banking,74 Avenue du Centre,Roulers,8800,Belgium,+32 48 201 342 17,contact@expert-banque-solutions.be,BE0004913535,BE83 6377 1076 70,BNAGBEBB,assets/logos/societe_soc245.svg
SOC246,First Export Agency,Export,export_services,74 Street de l'Église,Bruges,8000,Belgium,+32 56 691 486 60,contact@first-export-agency.be,BE0003100785,BE71 3499 0346 69,BBRUBEBB,assets/logos/societe_soc246.svg
SOC247,EuroPompesfunèbres Solutions,Pompes funèbres,funeral,109 Highway de Waterloo,Woluwe-Saint-Pierre,1150,Belgium,+32 21 120 764 27,contact@europompesfunèbres-solutions.be,BE0005784144,BE51 2308 1838 51,KREDBEBB,assets/logos/societe_soc247.svg
SOC248,Association Bruges,Association,ngo,83 Street des Artisans,Evere,1140,Belgium,+32 20 408 567 86,contact@association-bruges.be,BE0001103687,BE70 3658 9729 34,GEBABEBB,assets/logos/societe_soc248.svg
SOC249,Van den Berg & Vandenberghe,Éducation,education,130 Street de Rollebeek,Louvain-la-Neuve,1348,Belgium,+32 78 285 515 71,contact@van-den-berg--vandenberghe.be,BE0007765611,BE78 4549 3666 40,AXABBE22,assets/logos/societe_soc249.svg
SOC250,SmartLogistique Services,Logistique,logistics,145 Highway de Waterloo,Saint-Nicolas,9100,Belgium,+32 12 114 926 73,contact@smartlogistique-services.be,BE0001798101,BE20 0755 3159 68,NICABEBB,assets/logos/societe_soc250.svg
SOC251,Démolition Euro Services,Démolition,demolition,134 Street Neuve,Saint-Nicolas,9100,Belgium,+32 96 672 220 82,contact@démolition-euro-services.be,BE0003550041,BE01 4851 7836 28,BNAGBEBB,assets/logos/societe_soc251.svg
SOC252,Banque Dilbeek,Banque,banking,132 Avenue de la Reine,Wemmel,1780,Belgium,+32 57 313 110 97,contact@banque-dilbeek.be,BE0006916622,BE21 0695 5099 11,BBRUBEBB,assets/logos/societe_soc252.svg
SOC253,Pompes funèbres La Louvière,Pompes funèbres,funeral,46 Street de la Croix,Rebecq,1430,Belgium,+32 12 673 978 22,contact@pompes-funèbres-la-louvière.be,BE0007179043,BE98 1281 2308 95,NICABEBB,assets/logos/societe_soc253.svg
SOC254,Lefebvre & François,Architecture d'intérieur,interior_design,68 Boulevard Industriel,La Louvière,7100,Belgium,+32 64 794 620 75,contact@lefebvre--françois.be,BE0005563916,BE26 4480 9142 78,KREDBEBB,assets/logos/societe_soc254.svg
SOC255,Rénovation Wemmel,Rénovation,home_renovation,8 Avenue Louise,Ciney,5590,Belgium,+32 74 263 342 21,contact@rénovation-wemmel.be,BE0003992569,BE97 1779 4644 57,GEBABEBB,assets/logos/societe_soc255.svg
SOC256,Éducation Genk,Éducation,education,27 Avenue de la Liberté,Bruxelles,1000,Belgium,+32 25 323 879 77,contact@éducation-genk.be,BE0003928305,BE12 7946 2708 37,NICABEBB,assets/logos/societe_soc256.svg
SOC257,AlphaÉnergie Concept,Énergie,energy_contractor,62 Street Principale,Courtrai,8500,Belgium,+32 11 517 618 70,contact@alphaénergie-concept.be,BE0009245876,BE55 8565 0740 16,AXABBE22,assets/logos/societe_soc257.svg
SOC258,Baert Diplomatique,Diplomatique,diplomatic,5 Street de la Victoire,Halle,1500,Belgium,+32 92 355 773 82,contact@baert-diplomatique.be,BE0003620061,BE15 3458 6122 20,AXABBE22,assets/logos/societe_soc258.svg
SOC259,Janssens & Rousseau,Eau,water_supply,111 Avenue des Nations,Louvain-la-Neuve,1348,Belgium,+32 13 336 515 76,contact@janssens--rousseau.be,BE0009577658,BE40 7781 7720 49,GEBABEBB,assets/logos/societe_soc259.svg
SOC260,Leroy & Lefranc,Ostéopathie,osteopathy,124 Street Neuve,Tubize,1480,Belgium,+32 50 632 868 24,contact@leroy--lefranc.be,BE0009502424,BE44 5813 1815 16,KREDBEBB,assets/logos/societe_soc260.svg
SOC261,Eau Smart Agency,Eau,water_supply,135 Avenue du Centre,Saint-Nicolas,9100,Belgium,+32 44 970 900 47,contact@eau-smart-agency.be,BE0006093924,BE71 3809 8023 35,BBRUBEBB,assets/logos/societe_soc261.svg
SOC262,Épicerie Apex Agency,Épicerie,grocery,54 Avenue des Champs,Ittre,1460,Belgium,+32 26 422 452 73,contact@épicerie-apex-agency.be,BE0009706836,BE44 8478 6817 01,AXABBE22,assets/logos/societe_soc262.svg
SOC263,AlphaGazdomestique Belgium,Gaz domestique,gas_domestic,92 Street des Sports,Namur,5000,Belgium,+32 37 754 314 23,contact@alphagazdomestique-belgium.be,BE0005967830,BE28 3488 3979 79,NICABEBB,assets/logos/societe_soc263.svg
SOC264,AlphaBanque Concept,Banque,banking,105 Street de l'Étuve,Drogenbos,1620,Belgium,+32 35 235 710 98,contact@alphabanque-concept.be,BE0003836029,BE23 3905 8925 96,KREDBEBB,assets/logos/societe_soc264.svg
SOC265,Declercq Épicerie,Épicerie,grocery,81 Highway de Mons,Charleroi,6000,Belgium,+32 87 757 925 17,contact@declercq-épicerie.be,BE0006315870,BE75 0911 3454 94,BBRUBEBB,assets/logos/societe_soc265.svg
SOC266,Lefranc & André,Pompes funèbres,funeral,20 Street de la Paix,Woluwe-Saint-Pierre,1150,Belgium,+32 70 877 916 17,contact@lefranc--andré.be,BE0008720552,BE31 3072 7865 24,NICABEBB,assets/logos/societe_soc266.svg
SOC267,Super Association Concept,Association,ngo,72 Street du Marché aux Herbes,Hoeilaart,1560,Belgium,+32 67 221 702 66,contact@super-association-concept.be,BE0005658535,BE53 0094 4479 34,KREDBEBB,assets/logos/societe_soc267.svg
SOC268,ApexCulture & Co,Culture,cultural_events,29 Street Haute,Vilvorde,1800,Belgium,+32 23 196 151 62,contact@apexculture--co.be,BE0008662227,BE45 1819 8307 67,GEBABEBB,assets/logos/societe_soc268.svg
SOC269,Leroy & Willems,Kinésithérapie,physiotherapy,135 Boulevard Anspach,Genk,3600,Belgium,+32 75 704 557 44,contact@leroy--willems.be,BE0004190831,BE98 8482 3313 33,KREDBEBB,assets/logos/societe_soc269.svg
SOC270,Électricité domestique Qualité Plus,Électricité domestique,electricity_domestic,58 Street des Écoles,Bruxelles,1000,Belgium,+32 22 947 646 33,contact@électricité-domestique-qualité-plus.be,BE0007418373,BE31 3571 6649 39,GEBABEBB,assets/logos/societe_soc270.svg
SOC271,Association Pro Bruxelles,Association,ngo,78 Street de Rollebeek,Woluwe-Saint-Lambert,1200,Belgium,+32 95 777 522 61,contact@association-pro-bruxelles.be,BE0009844612,BE87 8839 5325 45,BBRUBEBB,assets/logos/societe_soc271.svg
SOC272,Rehabilitation Pro Solutions,Rehabilitation,rehabilitation,60 Street du Commerce,Bruges,8000,Belgium,+32 32 552 340 52,contact@rehabilitation-pro-solutions.be,BE0009331616,BE04 9628 5351 93,NICABEBB,assets/logos/societe_soc272.svg
SOC273,PlusLogementsocial Solutions,Logement social,social_housing,100 Boulevard Anspach,Courtrai,8500,Belgium,+32 65 779 354 62,contact@pluslogementsocial-solutions.be,BE0005620845,BE03 8224 3074 77,NICABEBB,assets/logos/societe_soc273.svg
SOC274,Eau Bio,Eau,water_supply,53 Street de l'Étuve,Tervuren,3080,Belgium,+32 90 289 515 25,contact@eau-bio.be,BE0003940524,BE02 2651 1612 37,NICABEBB,assets/logos/societe_soc274.svg
SOC275,Culture Rhode-Saint-Genèse,Culture,cultural_events,90 Avenue Louise,Braine-l'Alleud,1420,Belgium,+32 35 950 872 91,contact@culture-rhode-saint-genèse.be,BE0001827605,BE97 7313 9399 51,AXABBE22,assets/logos/societe_soc275.svg
SOC276,Éducation Schaerbeek,Éducation,education,72 Street Neuve,Gilly,6060,Belgium,+32 23 397 476 90,contact@éducation-schaerbeek.be,BE0006986073,BE58 3043 8910 07,AXABBE22,assets/logos/societe_soc276.svg
SOC277,Déchets Inter Bruxelles,Déchets,waste,119 Street des Artisans,Arlon,6700,Belgium,+32 51 512 898 84,contact@déchets-inter-bruxelles.be,BE0004641364,BE44 3956 1851 51,BNAGBEBB,assets/logos/societe_soc277.svg
SOC278,SuperOptique Agency,Optics,optics,46 Avenue des Champs,Louvain,3000,Belgium,+32 41 601 607 13,contact@superoptique-agency.be,BE0001842984,BE43 5713 1732 52,KREDBEBB,assets/logos/societe_soc278.svg
SOC279,Goossens Cyber sécurité,Cyber sécurité,security,82 Street des Artisans,Verviers,4800,Belgium,+32 60 354 973 79,contact@goossens-cyber-sécurité.be,BE0007707714,BE01 0089 9150 99,BNAGBEBB,assets/logos/societe_soc279.svg
SOC280,Traiteur Jette,Traiteur,catering,139 Boulevard Léopold,Anderlecht,1070,Belgium,+32 20 969 586 53,contact@traiteur-jette.be,BE0003772109,BE55 4221 2865 74,BBRUBEBB,assets/logos/societe_soc280.svg
SOC281,Éducation Bio Bruxelles,Éducation,education,134 Street de la Paix,Mons,7000,Belgium,+32 46 564 828 88,contact@éducation-bio-bruxelles.be,BE0008145162,BE23 5749 1988 31,AXABBE22,assets/logos/societe_soc281.svg
SOC282,Éducation Saint-Servais,Éducation,education,106 Avenue Louise,Saint-Servais,5002,Belgium,+32 26 841 771 94,contact@éducation-saint-servais.be,BE0006791665,BE61 6021 7376 97,NICABEBB,assets/logos/societe_soc282.svg
SOC283,Démolition Gosselies,Démolition,demolition,49 Street du Moulin,Overijse,3090,Belgium,+32 84 380 455 85,contact@démolition-gosselies.be,BE0008755592,BE63 7442 8766 39,GEBABEBB,assets/logos/societe_soc283.svg
SOC284,Aménagement intérieur Gilly,Aménagement intérieur,interior_renovation,42 Street du Parc,Marche-en-Famenne,6900,Belgium,+32 89 853 876 82,contact@aménagement-intérieur-gilly.be,BE0004568385,BE93 8688 8418 00,BBRUBEBB,assets/logos/societe_soc284.svg
SOC285,Van Damme & Muller,Logement social,social_housing,80 Avenue des Nations,Wavre,1300,Belgium,+32 56 827 823 74,contact@van-damme--muller.be,BE0008173858,BE49 4453 0521 53,BBRUBEBB,assets/logos/societe_soc285.svg
SOC286,Logement social Euro Concept,Logement social,social_housing,36 Avenue des Arts,Zaventem,1930,Belgium,+32 81 954 568 17,contact@logement-social-euro-concept.be,BE0005593977,BE43 7735 5397 28,BBRUBEBB,assets/logos/societe_soc286.svg
SOC287,Rehabilitation Anderlecht,Rehabilitation,rehabilitation,121 Avenue de Tervuren,Forest,1190,Belgium,+32 47 782 751 50,contact@rehabilitation-anderlecht.be,BE0008363630,BE91 0228 8501 11,KREDBEBB,assets/logos/societe_soc287.svg
SOC288,Simon & Vincent,Agriculture,agriculture,11 Street de la Gare,Saint-Josse-ten-Noode,1210,Belgium,+32 98 561 831 48,contact@simon--vincent.be,BE0007301645,BE55 0092 8659 00,BNAGBEBB,assets/logos/societe_soc288.svg
SOC289,Alpha Assurance Bruxelles,Assurance,insurance,109 Street des Sports,Liège,4000,Belgium,+32 20 969 461 40,contact@alpha-assurance-bruxelles.be,BE0001149521,BE77 6486 2703 91,NICABEBB,assets/logos/societe_soc289.svg
SOC290,Dupuis & Dupont,Traiteur,catering,105 Street du Pont,Wavre,1300,Belgium,+32 76 574 228 63,contact@dupuis--dupont.be,BE0002320615,BE03 8139 6369 92,BNAGBEBB,assets/logos/societe_soc290.svg
